Flight,Time (secs),[3d Latitude],[3d Longitude],[3d Altitude M],[3d Altitude Ft],[3d Heading],SPEED (km/h)
Flight 1,30,52.303928,4.765694,-1.2,-4,122.6,88.34
Flight 1,870,52.359375,4.711749,275.7,904.6,2.4,311.14
Flight 1,900,52.380905,4.713937,692.9,2273.4,2.8,317.06
Flight 1,930,52.405354,4.719944,991.1,3251.7,23.8,390.03
Flight 1,960,52.421322,4.758696,1348.0,4422.6,83.3,443.92
Flight 1,990,52.402592,4.808391,1720.6,5645.1,151.1,493.93
Flight 1,1020,52.363464,4.82002,2188.2,7179,180.6,512.45
Flight 1,1050,52.322262,4.826799,2722.5,8932.1,173.3,520.6
Flight 1,1080,52.279598,4.839459,3183.2,10443.6,170.4,544.49
Flight 1,1110,52.233505,4.847054,3451.7,11324.5,183.1,607.46
Flight 1,1140,52.183628,4.845852,3887.9,12755.4,182.8,625.98
Flight 1,1170,52.131691,4.844864,4290.5,14076.4,183.5,647.09
Flight 1,1200,52.07925,4.828899,4742.5,15559.5,203.1,662.83
Flight 1,1230,52.029888,4.794996,5203.9,17073.1,207.7,670.79
Flight 1,1260,51.979675,4.759891,5624.6,18453.5,207,684.13
Flight 1,1290,51.928425,4.724313,6013.6,19729.5,207.7,696.35
Flight 1,1320,51.875984,4.68805,6381.4,20936.3,208.1,712.46
Flight 1,1350,51.82251,4.651227,6745.1,22129.6,208.8,728.76
Flight 1,1380,51.768261,4.613505,7079.3,23226.1,208.4,732.47
Flight 1,1410,51.712986,4.574881,7372.7,24188.8,208.8,746.54
Flight 1,1440,51.656586,4.53557,7666.6,25153,209.1,759.13
Flight 1,1470,51.599152,4.495959,7945.4,26067.7,208.8,768.58
Flight 1,1500,51.540791,4.455704,8205.0,26919.2,208.8,776.17
Flight 1,1530,51.481396,4.414977,8455.8,27742.1,208.4,789.51
Flight 1,1560,51.421215,4.373777,8703.6,28555.3,208.1,800.06
Flight 1,1590,51.360535,4.332579,8953.6,29375.5,208.4,811.73
Flight 1,1620,51.299332,4.290994,9198.9,30180.1,209.1,820.44
Flight 1,1650,51.237789,4.249193,9425.8,30924.6,209.1,826.92
Flight 1,1680,51.176067,4.207437,9682.0,31765.2,210.2,818.03
Flight 1,1710,51.114517,4.165894,9935.0,32595,210.5,816.36
Flight 1,1740,51.052895,4.124137,10127.4,33226.4,210.5,816.55
Flight 1,1770,50.989887,4.081822,10204.1,33478.1,209.8,843.96
Flight 1,1800,50.926281,4.039293,10408.2,34147.5,210.2,849.14
Flight 1,1830,50.862854,3.997021,10644.0,34921.2,210.2,839.14
Flight 1,1860,50.79985,3.955049,10873.4,35674,210.5,839.7
Flight 1,1890,50.73753,3.913421,11080.0,36351.8,209.8,847.1
Flight 1,1920,50.675728,3.872394,11331.9,37178.2,210.5,838.22
Flight 1,1950,50.616844,3.828105,11547.1,37884.2,216.5,835.62
Flight 1,1980,50.56036,3.78034,11745.3,38534.3,216.5,827.66
Flight 1,2010,50.504559,3.733433,11890.2,39009.9,216.1,816.92
Flight 1,2040,50.448517,3.686741,11946.5,39194.6,215.8,819.14
Flight 1,2070,50.391953,3.639791,11941.7,39178.7,216.1,822.84
Flight 1,2100,50.335297,3.593056,11938.9,39169.7,215.8,818.58
Flight 1,2130,50.278465,3.546407,11940.7,39175.7,215.8,824.51
Flight 1,2160,50.22139,3.4995,11939.4,39171.2,216.1,828.21
Flight 1,2190,50.164307,3.452507,11938.1,39167,216.1,828.21
Flight 1,2220,50.107224,3.405772,11932.7,39149.3,216.1,819.7
Flight 1,2250,50.050308,3.359295,11937.3,39164.5,216.1,820.44
Flight 1,2280,49.993229,3.312903,11937.5,39164.9,216.1,826.18
Flight 1,2310,49.935986,3.266382,11935.7,39159.3,215.8,829.51
Flight 1,2340,49.878727,3.219862,11934.9,39156.5,215.4,832.1
Flight 1,2370,49.821297,3.173813,11933.1,39150.7,215.1,832.66
Flight 1,2400,49.76379,3.127679,11932.8,39149.7,215.4,832.47
Flight 1,2430,49.706627,3.081674,11930.4,39141.7,215.4,828.21
Flight 1,2460,49.649456,3.035882,11929.8,39139.6,215.4,822.84
Flight 1,2490,49.592464,2.990306,11931.3,39144.6,215.1,820.99
Flight 1,2520,49.53503,2.946317,11930.2,39140.9,210.2,823.77
Flight 1,2550,49.474522,2.909839,11927.2,39131.2,208.4,819.32
Flight 1,2580,49.414005,2.873962,11927.8,39133.3,208.4,821.36
Flight 1,2610,49.353489,2.838213,11925.8,39126.7,208.4,818.21
Flight 1,2640,49.292973,2.802335,11926.2,39128.1,208.8,821.18
Flight 1,2670,49.232464,2.766458,11924.6,39122.6,208.8,819.88
Flight 1,2700,49.17194,2.730666,11924.3,39121.8,208.8,821.55
Flight 1,2730,49.111431,2.695217,11923.2,39118.1,209.1,821.18
Flight 1,2760,49.051083,2.659726,11921.3,39111.7,209.1,818.58
Flight 1,2790,48.990578,2.62432,11920.9,39110.7,209.1,817.66
Flight 1,2820,48.930225,2.589001,11921.7,39113.2,208.8,821.73
Flight 1,2850,48.870049,2.553938,11920.9,39110.6,208.8,824.51
Flight 1,2880,48.809628,2.518833,11918.2,39101.8,208.8,824.7
Flight 1,2910,48.749531,2.4839,11917.4,39099.2,208.8,823.58
Flight 1,2940,48.689453,2.449138,11918.0,39100.9,208.4,822.47
Flight 1,2970,48.629711,2.414719,11915.2,39092,208.1,816.36
Flight 1,3000,48.569969,2.380301,11914.9,39091,208.1,814.51
Flight 1,3030,48.510403,2.346226,11914.3,39088.9,207.7,815.25
Flight 1,3060,48.451172,2.312279,11913.8,39087.4,207.7,811.73
Flight 1,3090,48.391945,2.278376,11913.3,39085.5,207.4,808.77
Flight 1,3120,48.330826,2.251124,11913.7,39086.9,192.9,809.51
Flight 1,3150,48.265419,2.254943,11909.8,39074,175,812.84
Flight 1,3180,48.199753,2.270349,11911.4,39079.5,175,813.58
Flight 1,3210,48.134266,2.285325,11909.2,39072.3,174.7,809.88
Flight 1,3240,48.068768,2.298242,11908.9,39071.1,177.5,810.62
Flight 1,3270,48.003269,2.308841,11907.6,39066.8,177.8,809.14
Flight 1,3300,47.937611,2.319527,11906.9,39064.7,177.5,808.4
Flight 1,3330,47.872116,2.33077,11906.9,39064.6,177.1,808.4
Flight 1,3360,47.80645,2.342013,11905.0,39058.5,176.8,808.77
Flight 1,3390,47.740788,2.353599,11904.1,39055.6,176.8,803.77
Flight 1,3420,47.675121,2.365014,11903.7,39054.3,176.8,803.03
Flight 1,3450,47.609455,2.3763,11903.2,39052.4,176.8,809.14
Flight 1,3480,47.543621,2.3875,11901.5,39046.8,176.4,805.43
Flight 1,3510,47.477776,2.398786,11901.2,39046,176.8,807.47
Flight 1,3540,47.411518,2.409471,11901.2,39045.8,176.8,806.36
Flight 1,3570,47.345417,2.420714,11900.8,39044.6,176.1,815.99
Flight 1,3600,47.2789,2.432129,11898.9,39038.4,176.1,820.81
Flight 1,3630,47.212383,2.443715,11899.6,39040.8,176.1,824.14
Flight 1,3660,47.146111,2.455216,11897.6,39034.2,176.1,822.84
Flight 1,3690,47.07967,2.466416,11895.0,39025.5,176.1,817.47
Flight 1,3720,47.013241,2.477745,11894.1,39022.5,176.1,814.32
Flight 1,3750,46.946964,2.488859,11895.4,39026.9,176.1,816.92
Flight 1,3780,46.880619,2.499887,11893.9,39021.9,176.1,818.03
Flight 1,3810,46.814434,2.51083,11893.2,39019.6,176.1,820.81
Flight 1,3840,46.74826,2.52173,11890.2,39009.8,176.1,818.95
Flight 1,3870,46.682243,2.532672,11890.6,39011.1,176.1,815.99
Flight 1,3900,46.616333,2.543658,11890.8,39012,175.7,817.84
Flight 1,3930,46.550411,2.554646,11887.6,39001.2,176.1,815.07
Flight 1,3960,46.48476,2.565508,11889.2,39006.4,175.7,812.1
Flight 1,3990,46.419273,2.576243,11891.1,39012.6,175.4,810.44
Flight 1,4020,46.35379,2.586934,11891.3,39013.6,175.7,811.36
Flight 1,4050,46.288479,2.597582,11890.4,39010.5,175.4,807.47
Flight 1,4080,46.223167,2.608445,11893.3,39019.9,175.4,813.03
Flight 1,4110,46.158024,2.619051,11891.2,39013,175.4,812.1
Flight 1,4140,46.092716,2.629699,11890.0,39009.1,175.4,805.62
Flight 1,4170,46.027573,2.640133,11892.8,39018.3,175,806.36
Flight 1,4200,45.962265,2.650653,11893.4,39020.3,175,813.03
Flight 1,4230,45.896622,2.661473,11892.5,39017.4,175,814.14
Flight 1,4260,45.830959,2.67195,11895.2,39026.3,175,816.73
Flight 1,4290,45.765301,2.682426,11894.5,39023.8,175,817.66
Flight 1,4320,45.699654,2.692903,11891.7,39014.8,175,815.62
Flight 1,4350,45.633995,2.703552,11896.0,39028.9,174.7,817.66
Flight 1,4380,45.56834,2.7142,11897.4,39033.4,175,816.55
Flight 1,4410,45.50235,2.724677,11894.2,39023,175,809.88
Flight 1,4440,45.436512,2.734982,11892.4,39017,175,811.18
Flight 1,4470,45.370682,2.745287,11899.9,39041.8,175.4,820.99
Flight 1,4500,45.304688,2.755592,11900.8,39044.8,175,834.88
Flight 1,4530,45.238873,2.766069,11895.0,39025.7,175,825.44
Flight 1,4560,45.17347,2.776374,11896.7,39031.1,175,823.95
Flight 1,4590,45.107903,2.786336,11897.1,39032.5,174.7,819.32
Flight 1,4620,45.042419,2.796984,11897.3,39033,175,818.58
Flight 1,4650,44.977257,2.807117,11897.7,39034.4,175,827.1
Flight 1,4680,44.911968,2.817423,11898.3,39036.4,175,821.18
Flight 1,4710,44.846817,2.827599,11895.4,39026.9,174.7,812.84
Flight 1,4740,44.781685,2.83696,11902.1,39048.8,178.5,811.36
Flight 1,4770,44.716541,2.83851,11894.5,39023.9,181,806.36
Flight 1,4800,44.65115,2.83946,11900.2,39042.7,181,808.4
Flight 1,4830,44.585926,2.84041,11902.4,39049.9,181.3,813.4
Flight 1,4860,44.520443,2.84123,11902.3,39049.5,181.3,822.29
Flight 1,4890,44.454952,2.842137,11903.5,39053.5,181,820.25
Flight 1,4920,44.389305,2.843087,11900.5,39043.7,180.6,819.88
Flight 1,4950,44.32365,2.844037,11903.5,39053.6,180.6,816.18
Flight 1,4980,44.257999,2.84533,11898.5,39037.1,181,816.36
Flight 1,5010,44.192513,2.84615,11902.6,39050.5,181.3,818.95
Flight 1,5040,44.126686,2.847229,11900.9,39045.1,181,821.36
Flight 1,5070,44.061211,2.848178,11903.4,39053,181,828.03
Flight 1,5100,43.995548,2.849128,11901.7,39047.5,181,826.73
Flight 1,5130,43.929901,2.850078,11899.3,39039.7,181,821.36
Flight 1,5160,43.864407,2.851199,11904.4,39056.4,180.6,825.99
Flight 1,5190,43.798767,2.852191,11903.7,39054.2,181,825.99
Flight 1,5220,43.733444,2.85327,11904.8,39057.7,181,821.36
Flight 1,5250,43.668316,2.854091,11901.5,39046.9,181,825.07
Flight 1,5280,43.60368,2.854997,11725.9,38470.8,181,814.51
Flight 1,5310,43.539906,2.855775,11381.5,37341,180.6,826.92
Flight 1,5340,43.476494,2.856553,11069.7,36317.9,179.9,797.66
Flight 1,5370,43.414089,2.857503,10794.7,35415.7,180.6,798.58
Flight 1,5400,43.352734,2.858452,10498.8,34445,180.3,775.25
Flight 1,5430,43.291725,2.859231,10197.5,33456.2,179.9,763.76
Flight 1,5460,43.23233,2.86018,9930.0,32578.7,179.9,744.13
Flight 1,5490,43.173454,2.860958,9646.8,31649.4,179.2,733.02
Flight 1,5520,43.115524,2.861736,9390.5,30808.9,178.9,726.17
Flight 1,5550,43.057259,2.8629,9107.0,29878.7,179.6,729.69
Flight 1,5580,42.998375,2.863807,8827.5,28961.7,179.6,736.73
Flight 1,5610,42.940182,2.864585,8554.1,28064.5,179.6,718.76
Flight 1,5640,42.882515,2.865191,8283.0,27175.3,179.6,703.76
Flight 1,5670,42.825882,2.866141,8013.8,26292,179.6,695.8
Flight 1,5700,42.770176,2.866919,7754.7,25441.8,179.9,682.28
Flight 1,5730,42.715843,2.862976,7496.6,24595,184.5,677.65
Flight 1,5760,42.661957,2.856587,7236.4,23741.5,184.1,664.13
Flight 1,5790,42.609081,2.850628,6989.7,22932.2,184.5,653.39
Flight 1,5820,42.55674,2.844539,6733.6,22091.9,184.5,642.09
Flight 1,5850,42.505253,2.838579,6489.7,21291.8,184.5,632.09
Flight 1,5880,42.454525,2.832448,6244.2,20486.2,185.9,626.16
Flight 1,5910,42.404999,2.821124,6019.8,19749.9,189.4,625.24
Flight 1,5940,42.355404,2.809371,5760.0,18897.7,190.5,598.38
Flight 1,5970,42.306309,2.797489,5522.8,18119.3,190.8,593.94
Flight 1,6000,42.258427,2.785736,5297.5,17380.4,190.1,578.19
Flight 1,6030,42.211388,2.774626,5078.0,16660.2,190.1,586.34
Flight 1,6060,42.163338,2.763216,4848.5,15907,190.5,603.38
Flight 1,6090,42.114426,2.751334,4603.0,15101.7,189.8,595.6
Flight 1,6120,42.066448,2.739538,4359.8,14303.9,190.1,590.79
Flight 1,6150,42.018822,2.727785,4115.3,13501.6,190.1,583.19
Flight 1,6180,41.972046,2.716246,3883.1,12739.7,190.1,572.27
Flight 1,6210,41.925793,2.704922,3651.6,11980.3,190.8,561.9
Flight 1,6240,41.880131,2.693598,3420.5,11222,190.5,567.27
Flight 1,6270,41.834991,2.682489,3193.4,10477.1,190.5,550.6
Flight 1,6300,41.790535,2.671808,3036.0,9960.5,192.2,540.23
Flight 1,6330,41.748829,2.661514,3007.3,9866.4,191.9,514.67
Flight 1,6360,41.71064,2.641135,2756.0,9042,217.2,532.26
Flight 1,6390,41.67794,2.609083,2553.1,8376.4,220.7,526.34
Flight 1,6420,41.64542,2.577589,2324.5,7626.3,220,519.49
Flight 1,6450,41.6129,2.546696,2107.8,6915.2,220.4,514.12
Flight 1,6480,41.581142,2.515974,1922.7,6308.2,219.3,509.86
Flight 1,6510,41.549896,2.485939,1708.4,5604.9,216.8,500.6
Flight 1,6540,41.518669,2.456462,1522.1,4993.8,216.1,495.22
Flight 1,6570,41.489326,2.42883,1511.9,4960.3,217.5,441.7
Flight 1,6600,41.463402,2.403988,1438.2,4718.6,217.9,392.07
Flight 1,6630,41.440239,2.381635,1360.0,4461.9,216.1,342.62
Flight 1,6660,41.419472,2.362071,1249.4,4099.2,215.1,323.73
Flight 1,6690,41.399395,2.342765,1110.4,3643,213.7,315.03
Flight 1,6720,41.381889,2.322257,966.9,3172.1,234.1,300.02
Flight 1,6750,41.37125,2.29647,928.9,3047.7,244.3,290.21
Flight 1,6780,41.362503,2.270512,824.3,2704.4,245.7,287.8
Flight 1,6810,41.354103,2.245799,708.9,2325.8,245,279.47
Flight 1,6840,41.345951,2.221686,587.8,1928.5,243.6,276.69
Flight 1,6870,41.337807,2.197402,515.6,1691.7,244.3,276.32
Flight 1,6900,41.329647,2.173117,405.5,1330.3,241.1,278.54
Flight 1,6930,41.320824,2.148018,262.9,862.5,243.9,282.99
Flight 1,6960,41.312325,2.123132,127.3,417.7,243.6,278.91
Flight 1,6990,41.303825,2.098033,11.1,36.5,245,272.43
Flight 2,30,52.303783,4.76739,-1.2,-4,336.1,81.49
Flight 2,570,52.316494,4.73868,0.3,1.1,2.2,290.02
Flight 2,600,52.336479,4.741469,385.9,1266,10.2,311.32
Flight 2,630,52.35561,4.755502,709.2,2326.9,19.4,338.18
Flight 2,660,52.372265,4.787687,890.1,2920.3,64.4,411.14
Flight 2,690,52.368816,4.839743,1308.5,4293.1,118.5,426.7
Flight 2,720,52.338188,4.869611,1662.6,5454.7,178.9,457.26
Flight 2,750,52.299824,4.854247,1965.0,6446.8,203.2,502.26
Flight 2,780,52.258705,4.845963,2432.1,7979.2,184.9,507.82
Flight 2,810,52.215363,4.845834,2885.7,9467.4,182.8,518.75
Flight 2,840,52.170982,4.845233,3353.5,11002.3,184.5,536.15
Flight 2,870,52.124378,4.839139,3692.1,12113.3,191.5,581.71
Flight 2,900,52.07708,4.818754,4060.3,13321.1,210.5,609.86
Flight 2,930,52.031677,4.785494,4526.5,14850.8,209.8,630.05
Flight 2,960,51.985409,4.753049,4939.6,16205.9,208.7,631.16
Flight 2,990,51.937431,4.719961,5264.0,17270.3,209.1,649.13
Flight 2,1020,51.888073,4.685328,5582.8,18316.4,209.8,660.42
Flight 2,1050,51.837521,4.649622,5915.0,19406.2,209.8,677.09
Flight 2,1080,51.785679,4.613187,6241.3,20476.8,211.2,684.5
Flight 2,1110,51.732296,4.575551,6517.9,21384.2,212.2,692.09
Flight 2,1140,51.677612,4.537227,6797.4,22301.2,212.5,711.72
Flight 2,1170,51.621563,4.498302,7088.6,23256.5,211.8,722.84
Flight 2,1200,51.564827,4.459636,7396.7,24267.5,211.1,730.8
Flight 2,1230,51.507236,4.420882,7699.4,25260.6,211.1,743.95
Flight 2,1260,51.449726,4.381743,8022.1,26319.2,211.4,752.1
Flight 2,1290,51.391705,4.342304,8314.9,27279.8,211.1,759.32
Flight 2,1320,51.333424,4.302736,8597.1,28205.6,210.4,769.51
Flight 2,1350,51.274799,4.263168,8854.1,29048.8,210,781.17
Flight 2,1380,51.215748,4.223428,9075.7,29775.8,210,785.99
Flight 2,1410,51.155834,4.183216,9208.5,30211.7,210.7,789.32
Flight 2,1440,51.094551,4.142361,9372.6,30750,210.3,803.21
Flight 2,1470,51.032921,4.101333,9613.7,31541,210.3,810.25
Flight 2,1500,50.971123,4.060306,9851.3,32320.5,211,805.25
Flight 2,1530,50.909676,4.019107,10059.1,33002.4,210.6,800.25
Flight 2,1560,50.848209,3.978209,10251.0,33631.8,210.6,798.21
Flight 2,1590,50.786583,3.937696,10424.9,34202.3,211,793.77
Flight 2,1620,50.724609,3.896927,10563.7,34657.9,210.6,796.36
Flight 2,1650,50.66264,3.8562,10700.8,35107.5,210.6,802.29
Flight 2,1680,50.600666,3.81573,10724.6,35185.7,210.6,798.77
Flight 2,1710,50.538868,3.775647,10727.1,35193.9,210.6,799.69
Flight 2,1740,50.47715,3.735736,10725.9,35190,210.9,796.17
Flight 2,1770,50.414764,3.695181,10726.7,35192.5,210.5,811.36
Flight 2,1800,50.351494,3.654153,10726.8,35192.9,210.9,815.62
Flight 2,1830,50.287899,3.613298,10721.3,35174.7,210.9,819.88
Flight 2,1860,50.224377,3.57227,10722.2,35177.9,210.9,815.25
Flight 2,1890,50.160862,3.531587,10720.6,35172.6,212.6,814.32
Flight 2,1920,50.100948,3.482791,10721.0,35173.9,219.3,815.99
Flight 2,1950,50.042252,3.431508,10719.2,35167.9,219.6,815.62
Flight 2,1980,49.983784,3.380181,10716.7,35159.8,220,812.47
Flight 2,2010,49.925327,3.329197,10717.5,35162.4,219.9,808.4
Flight 2,2040,49.866798,3.278428,10718.8,35166.7,219.9,807.47
Flight 2,2070,49.807919,3.228217,10717.6,35162.9,219.9,811.55
Flight 2,2100,49.749119,3.17762,10716.5,35159.2,219.9,808.95
Flight 2,2130,49.68998,3.126765,10715.0,35154.1,219.5,810.44
Flight 2,2160,49.630756,3.076039,10714.0,35150.9,219.5,808.03
Flight 2,2190,49.57135,3.025356,10715.8,35156.9,219.5,808.58
Flight 2,2220,49.51136,2.974544,10710.9,35140.9,219.5,807.1
Flight 2,2250,49.449127,2.927466,10711.7,35143.4,211.4,811.73
Flight 2,2280,49.383301,2.886996,10713.2,35148.1,211.4,816.18
Flight 2,2310,49.317287,2.846312,10711.8,35143.7,212.1,817.66
Flight 2,2340,49.250946,2.805285,10709.6,35136.6,212.4,815.62
Flight 2,2370,49.184761,2.764086,10707.3,35128.8,211.7,814.32
Flight 2,2400,49.118336,2.723274,10710.7,35140,212.1,815.81
Flight 2,2430,49.051727,2.682546,10709.4,35136,212.1,815.62
Flight 2,2460,48.984783,2.641562,10706.7,35127,212,818.21
Flight 2,2490,48.917831,2.600964,10706.4,35125.9,212,816.36
Flight 2,2520,48.850536,2.560323,10705.5,35123.1,212.4,813.4
Flight 2,2550,48.783245,2.519468,10703.9,35117.9,212.4,813.03
Flight 2,2580,48.715691,2.478783,10705.4,35122.7,212.3,815.25
Flight 2,2610,48.648144,2.4381,10703.4,35116.1,212.3,813.95
Flight 2,2640,48.580246,2.397244,10703.0,35114.8,212.3,811.55
Flight 2,2670,48.512188,2.356517,10701.6,35110.2,212.3,811.18
Flight 2,2700,48.443775,2.315704,10700.4,35106.2,212.7,807.47
Flight 2,2730,48.375027,2.274849,10699.1,35102,212.3,808.77
Flight 2,2760,48.306015,2.234165,10698.6,35100.2,212.6,804.88
Flight 2,2790,48.23579,2.196185,10699.8,35104.3,203.1,806.92
Flight 2,2820,48.158382,2.183996,10699.7,35104.1,182.7,810.44
Flight 2,2850,48.079247,2.20172,10698.1,35098.9,169,820.07
Flight 2,2880,48.000538,2.226781,10697.4,35096.5,168.6,826.18
Flight 2,2910,47.921654,2.251543,10697.2,35095.9,169,826.55
Flight 2,2940,47.843208,2.275832,10695.6,35090.5,169,824.88
Flight 2,2970,47.765263,2.299778,10694.2,35086.1,169,822.29
Flight 2,3000,47.687508,2.323553,10693.2,35082.6,168.6,820.07
Flight 2,3030,47.610428,2.347499,10694.2,35085.9,168.2,818.4
Flight 2,3060,47.533184,2.371402,10692.4,35080.1,168.2,819.32
Flight 2,3090,47.455933,2.394918,10691.9,35078.6,168.2,824.14
Flight 2,3120,47.378513,2.418264,10691.7,35077.9,168.2,823.95
Flight 2,3150,47.301262,2.441309,10691.3,35076.5,168.5,819.88
Flight 2,3180,47.224186,2.464053,10689.7,35071.3,168.5,817.29
Flight 2,3210,47.147106,2.486626,10689.6,35070.9,168.5,819.88
Flight 2,3240,47.069862,2.509241,10688.4,35066.9,168.5,821.55
Flight 2,3270,46.992447,2.5319,10688.5,35067.3,168.1,822.47
Flight 2,3300,46.915192,2.554516,10686.9,35062.2,168.5,824.14
Flight 2,3330,46.837948,2.576917,10685.8,35058.5,168.1,820.99
Flight 2,3360,46.761127,2.599161,10686.9,35061.9,168.5,823.21
Flight 2,3390,46.684673,2.621238,10687.3,35063.4,168.4,820.25
Flight 2,3420,46.607601,2.633788,10688.8,35068.3,179.7,819.7
Flight 2,3450,46.530186,2.638485,10689.0,35068.8,179.3,815.44
Flight 2,3480,46.452614,2.643481,10689.4,35070.3,179.3,813.95
Flight 2,3510,46.374859,2.648307,10690.2,35072.9,179.3,812.84
Flight 2,3540,46.297108,2.653303,10691.4,35076.7,179.3,812.1
Flight 2,3570,46.219353,2.658128,10693.8,35084.8,179.6,823.21
Flight 2,3600,46.141518,2.662782,10693.9,35085.1,179.3,818.4
Flight 2,3630,46.063683,2.667779,10695.7,35090.9,178.9,822.66
Flight 2,3660,45.986012,2.672733,10694.8,35087.8,178.9,820.99
Flight 2,3690,45.908348,2.677944,10695.2,35089.1,178.2,820.44
Flight 2,3720,45.830936,2.682941,10697.5,35096.8,178.5,818.21
Flight 2,3750,45.7537,2.687766,10700.3,35106.1,178.2,822.84
Flight 2,3780,45.676811,2.692591,10699.2,35102.5,177.8,820.25
Flight 2,3810,45.600079,2.697417,10698.3,35099.4,177.8,816.55
Flight 2,3840,45.523537,2.70237,10701.9,35111.2,177.8,817.84
Flight 2,3870,45.447163,2.707067,10701.9,35111.2,177.8,816.73
Flight 2,3900,45.370865,2.711892,10700.6,35106.9,177.7,813.4
Flight 2,3930,45.294735,2.716717,10701.2,35108.9,177.7,815.07
Flight 2,3960,45.218708,2.721156,10704.0,35118.1,177.7,812.66
Flight 2,3990,45.142853,2.725509,10705.1,35121.7,177.7,813.4
Flight 2,4020,45.067066,2.730291,10702.9,35114.4,177.7,812.66
Flight 2,4050,44.991287,2.735159,10708.8,35133.8,178,811.73
Flight 2,4080,44.915424,2.740113,10706.8,35127.4,178,810.25
Flight 2,4110,44.839394,2.744681,10705.9,35124.3,178,813.58
Flight 2,4140,44.763611,2.749077,10710.4,35139.3,178,813.77
Flight 2,4170,44.687836,2.753602,10710.7,35140,178,817.29
Flight 2,4200,44.612053,2.758084,10712.5,35146.1,178,819.7
Flight 2,4230,44.536613,2.76278,10712.0,35144.5,177.3,823.21
Flight 2,4260,44.461269,2.767734,10713.6,35149.6,177.3,820.25
Flight 2,4290,44.386093,2.77243,10714.3,35152,177.2,817.66
Flight 2,4320,44.310833,2.777041,10711.6,35142.9,177.2,817.29
Flight 2,4350,44.235748,2.781394,10716.1,35157.9,177.2,815.25
Flight 2,4380,44.160908,2.78579,10718.1,35164.3,177.6,815.62
Flight 2,4410,44.085732,2.790186,10716.8,35160,177.6,813.21
Flight 2,4440,44.010551,2.794582,10714.8,35153.6,177.5,810.25
Flight 2,4470,43.935719,2.798978,10717.4,35162.1,176.8,808.03
Flight 2,4500,43.861053,2.803245,10724.0,35183.8,176.8,811.55
Flight 2,4530,43.78606,2.80777,10720.0,35170.5,177.2,813.58
Flight 2,4560,43.711048,2.812037,10723.1,35180.8,177.1,814.14
Flight 2,4590,43.635704,2.816691,10724.6,35185.6,177.1,818.58
Flight 2,4620,43.559917,2.821344,10581.8,34717.3,177.1,807.47
Flight 2,4650,43.483974,2.825697,10299.3,33790.5,177.1,775.62
Flight 2,4680,43.408619,2.829964,9982.1,32749.8,177.1,756.73
Flight 2,4710,43.334305,2.834317,9706.3,31844.7,177.8,751.36
Flight 2,4740,43.260155,2.838714,9383.2,30784.8,178.1,755.43
Flight 2,4770,43.186874,2.842723,9108.3,29882.8,178.5,735.8
Flight 2,4800,43.11401,2.846647,8791.6,28843.7,178.1,743.76
Flight 2,4830,43.042526,2.850528,8508.3,27914.4,177,728.95
Flight 2,4860,42.972664,2.854753,8234.0,27014.5,176.7,707.28
Flight 2,4890,42.903156,2.859149,7931.9,26023.2,176.7,700.61
Flight 2,4920,42.834759,2.863373,7666.4,25152.4,177,697.09
Flight 2,4950,42.76722,2.867082,7398.9,24274.5,178.1,697.28
Flight 2,4980,42.700539,2.862166,7098.9,23290.2,185.8,702.09
Flight 2,5010,42.635059,2.854417,6818.4,22370.1,185.1,698.94
Flight 2,5040,42.571293,2.84714,6563.3,21533.2,184.7,687.46
Flight 2,5070,42.508736,2.839906,6281.5,20608.6,184.7,679.87
Flight 2,5100,42.447208,2.831857,6007.1,19708.3,188.9,659.87
Flight 2,5130,42.388092,2.817671,5740.2,18832.7,190.3,653.39
Flight 2,5160,42.3311,2.804042,5506.6,18066.3,189.9,645.79
Flight 2,5190,42.275318,2.790715,5237.5,17183.5,189.9,629.12
Flight 2,5220,42.220741,2.777515,4993.3,16382.2,189.6,621.35
Flight 2,5250,42.167545,2.764831,4764.0,15629.8,190.2,619.12
Flight 2,5280,42.115017,2.752319,4499.9,14763.3,190.2,599.12
Flight 2,5310,42.063366,2.739763,4273.6,14021.1,191.3,595.97
Flight 2,5340,42.012642,2.726779,4040.1,13254.8,189.2,630.05
Flight 2,5370,41.962776,2.714566,3785.2,12418.6,189.8,607.46
Flight 2,5400,41.913532,2.702655,3546.9,11636.9,190.2,587.64
Flight 2,5430,41.865654,2.691043,3318.1,10886.2,190.2,567.27
Flight 2,5460,41.819397,2.679561,3138.8,10297.8,190.2,545.97
Flight 2,5490,41.774868,2.668636,3087.7,10130.3,190.5,531.52
Flight 2,5520,41.734783,2.647841,2873.1,9426.1,213,525.78
Flight 2,5550,41.699692,2.615631,2670.2,8760.6,217.2,503.37
Flight 2,5580,41.665195,2.584536,2448.3,8032.3,217.2,516.71
Flight 2,5610,41.631725,2.553355,2303.0,7555.8,216.5,503.37
Flight 2,5640,41.598869,2.522947,2071.2,6795.4,215.4,508.0
Flight 2,5670,41.565498,2.493054,1841.3,6041.1,215,506.34
Flight 2,5700,41.532543,2.463118,1696.6,5566.4,215,500.97
Flight 2,5730,41.500626,2.433955,1612.1,5288.9,214,480.96
Flight 2,5760,41.47068,2.407195,1542.7,5061.3,214.3,452.63
Flight 2,5790,41.443134,2.382194,1473.5,4834.3,214.7,405.22
Flight 2,5820,41.417057,2.359038,1372.0,4501.4,219.2,377.81
Flight 2,5850,41.392185,2.336226,1214.5,3984.6,222.4,361.88
Flight 2,5880,41.374935,2.306934,1029.6,3378,248.7,360.21
Flight 2,5910,41.364037,2.274766,867.4,2845.8,248.4,337.06
Flight 2,5940,41.353325,2.243629,710.3,2330.5,248.3,335.03
Flight 2,5970,41.342789,2.212877,552.1,1811.3,248.7,327.43
Flight 2,6000,41.333607,2.185516,412.8,1354.5,247.6,285.21
Flight 2,6030,41.324955,2.16043,286.5,940,249,287.62
Flight 2,6060,41.316372,2.134871,171.1,561.2,249.4,294.28
Flight 2,6090,41.307457,2.109012,38.7,127,249,291.5
Flight 3,30,52.281353,4.79949,-1.2,-4,43.4,83.15
Flight 3,870,52.335953,4.739668,228.5,749.6,8.2,310.02
Flight 3,900,52.360146,4.741948,558.8,1833.2,6.8,326.51
Flight 3,930,52.386395,4.7444,771.3,2530.5,5.8,393.92
Flight 3,960,52.41864,4.747151,1003.0,3290.6,3.3,468.37
Flight 3,990,52.454853,4.749903,1416.1,4645.9,0.8,497.82
Flight 3,1020,52.491726,4.757161,1860.6,6104.4,24,501.15
Flight 3,1050,52.516052,4.806218,2119.6,6954.1,74.7,559.67
Flight 3,1080,52.50919,4.873385,2543.4,8344.5,123.9,571.9
Flight 3,1110,52.474487,4.908796,3025.0,9924.6,172.7,573.93
Flight 3,1140,52.431473,4.898716,3274.1,10741.7,192.1,622.64
Flight 3,1170,52.386898,4.873144,3647.4,11966.5,197.3,646.72
Flight 3,1200,52.34148,4.847658,4075.4,13370.8,198,670.61
Flight 3,1230,52.295353,4.821185,4492.0,14737.7,199.4,678.76
Flight 3,1260,52.247711,4.793509,4891.8,16049.3,199.4,701.54
Flight 3,1290,52.199703,4.765449,5361.4,17589.8,199.1,715.06
Flight 3,1320,52.151024,4.737044,5753.0,18874.8,198.7,716.72
Flight 3,1350,52.100956,4.708125,6087.5,19972.1,199.1,738.95
Flight 3,1380,52.050045,4.678862,6481.7,21265.4,200.1,757.47
Flight 3,1410,51.998783,4.64947,6857.3,22497.9,200.5,765.43
Flight 3,1440,51.94709,4.61995,7213.6,23666.6,200.8,777.1
Flight 3,1470,51.895226,4.589829,7547.8,24763,202.2,788.95
Flight 3,1500,51.843792,4.556489,7868.1,25813.9,204,797.66
Flight 3,1530,51.792194,4.522592,8152.0,26745.4,203.6,802.47
Flight 3,1560,51.739811,4.488866,8393.3,27536.9,203.2,814.14
Flight 3,1590,51.686405,4.454926,8614.0,28261.2,202.9,823.4
Flight 3,1620,51.632225,4.420728,8819.7,28935.9,202.9,831.73
Flight 3,1650,51.577187,4.386315,9031.5,29631.1,203.2,847.66
Flight 3,1680,51.522057,4.351516,9302.9,30521.5,203.6,851.36
Flight 3,1710,51.46933,4.31204,9608.6,31524.3,207.8,845.25
Flight 3,1740,51.417561,4.271705,9884.0,32427.7,207.8,836.18
Flight 3,1770,51.366131,4.231885,10124.0,33215.3,207.8,837.29
Flight 3,1800,51.314697,4.192109,10344.3,33938,207.1,833.59
Flight 3,1830,51.263607,4.152589,10551.8,34618.7,207.8,836.18
Flight 3,1860,51.212517,4.113327,10736.5,35224.6,208.1,833.03
Flight 3,1890,51.161423,4.074151,10900.3,35762.3,207.8,833.59
Flight 3,1920,51.110161,4.034889,11062.3,36293.7,208.1,835.25
Flight 3,1950,51.059235,3.995842,11217.3,36802.3,208.1,826.92
Flight 3,1980,51.007893,3.956751,11296.4,37061.6,207.8,830.25
Flight 3,2010,50.956367,3.917575,11296.1,37060.6,207.4,831.73
Flight 3,2040,50.904598,3.8787,11295.6,37059.2,207,830.44
Flight 3,2070,50.852833,3.839652,11294.0,37053.9,207,831.73
Flight 3,2100,50.801044,3.800605,11294.2,37054.4,207,830.44
Flight 3,2130,50.74926,3.761429,11295.0,37057,207,834.14
Flight 3,2160,50.697231,3.722167,11294.8,37056.3,206.7,830.99
Flight 3,2190,50.645191,3.683291,11293.8,37053.3,206.7,825.62
Flight 3,2220,50.592819,3.644244,11296.5,37062.1,206.7,830.25
Flight 3,2250,50.540443,3.605368,11294.8,37056.4,207,834.51
Flight 3,2280,50.487892,3.566321,11301.4,37078,207,836.92
Flight 3,2310,50.435341,3.527445,11446.8,37555,206.3,836.36
Flight 3,2340,50.382965,3.488698,11598.0,38051.2,206.6,842.1
Flight 3,2370,50.330936,3.450166,11738.3,38511.4,207.3,834.51
Flight 3,2400,50.27924,3.412363,11862.1,38917.7,207.7,828.77
Flight 3,2430,50.227379,3.374517,11901.6,39047.2,206.6,830.81
Flight 3,2460,50.174999,3.3365,11903.1,39052.3,207.3,834.14
Flight 3,2490,50.122456,3.298139,11902.0,39048.5,207.3,831.92
Flight 3,2520,50.070068,3.259607,11902.6,39050.6,207.7,833.59
Flight 3,2550,50.017349,3.221246,11903.0,39051.8,207.7,839.33
Flight 3,2580,49.964626,3.183057,11902.9,39051.6,207.7,847.85
Flight 3,2610,49.911739,3.144997,11899.9,39041.7,208,844.33
Flight 3,2640,49.858845,3.10685,11903.0,39051.8,208,847.1
Flight 3,2670,49.805954,3.068661,11900.3,39042.9,208,851.73
Flight 3,2700,49.753143,3.030944,11900.1,39042.3,206.2,847.85
Flight 3,2730,49.697247,3.003827,11900.6,39043.9,196,847.48
Flight 3,2760,49.639545,2.985165,11899.2,39039.3,196,844.51
Flight 3,2790,49.582012,2.966717,11899.1,39039.2,196,846.92
Flight 3,2820,49.524406,2.94844,11898.4,39036.7,196,843.4
Flight 3,2850,49.46714,2.930035,11898.0,39035.6,196,841.73
Flight 3,2880,49.410126,2.911544,11898.6,39037.3,196.4,838.22
Flight 3,2910,49.353455,2.893095,11897.8,39034.9,196.4,837.47
Flight 3,2940,49.296871,2.874604,11899.2,39039.4,196,840.81
Flight 3,2970,49.240288,2.856371,11900.4,39043.2,195.6,844.51
Flight 3,3000,49.183876,2.838266,11896.8,39031.5,195.6,843.77
Flight 3,3030,49.127621,2.820333,11898.6,39037.5,195.6,843.77
Flight 3,3060,49.071396,2.802571,11896.5,39030.6,195.6,841.18
Flight 3,3090,49.015503,2.784638,11898.2,39036.1,195.6,836.73
Flight 3,3120,48.959774,2.766877,11898.9,39038.3,195.6,840.07
Flight 3,3150,48.904057,2.749244,11899.1,39038.9,195.6,844.88
Flight 3,3180,48.848579,2.731697,11895.9,39028.6,195.6,834.88
Flight 3,3210,48.793285,2.714236,11897.4,39033.5,196,829.51
Flight 3,3240,48.739361,2.691968,11900.2,39042.6,211.1,827.66
Flight 3,3270,48.68956,2.654895,11897.1,39032.4,198.8,832.47
Flight 3,3300,48.633492,2.639966,11895.6,39027.6,194.9,833.77
Flight 3,3330,48.577419,2.623792,11896.9,39031.9,195.6,830.99
Flight 3,3360,48.521439,2.606803,11895.3,39026.4,195.9,830.25
Flight 3,3390,48.465622,2.589943,11896.8,39031.6,195.6,834.14
Flight 3,3420,48.409389,2.574112,11895.8,39028.1,191.7,839.33
Flight 3,3450,48.351433,2.571757,11893.1,39019.3,183.3,837.84
Flight 3,3480,48.293045,2.575196,11895.5,39027.4,184,833.96
Flight 3,3510,48.234661,2.578334,11894.5,39024,183.3,834.51
Flight 3,3540,48.17627,2.581601,11895.2,39026.1,183.6,836.36
Flight 3,3570,48.117886,2.584868,11894.7,39024.6,183.6,838.96
Flight 3,3600,48.059502,2.588135,11892.6,39017.9,184,838.4
Flight 3,3630,48.001289,2.591101,11893.7,39021.2,183.9,838.59
Flight 3,3660,47.943073,2.594325,11896.4,39030.1,183.9,841.92
Flight 3,3690,47.884865,2.59742,11893.7,39021.4,183.9,845.99
Flight 3,3720,47.826988,2.600816,11892.7,39018.1,184.3,839.14
Flight 3,3750,47.769287,2.603825,11892.2,39016.3,184.6,830.81
Flight 3,3780,47.711586,2.606834,11891.2,39013.2,184.6,823.77
Flight 3,3810,47.653896,2.609972,11892.4,39017,184.3,826.36
Flight 3,3840,47.596363,2.613067,11892.0,39015.7,184.3,825.81
Flight 3,3870,47.538837,2.616334,11892.0,39015.8,184.3,827.47
Flight 3,3900,47.481308,2.619215,11891.6,39014.3,184.6,829.33
Flight 3,3930,47.423611,2.622353,11891.9,39015.4,184.3,830.25
Flight 3,3960,47.365734,2.625577,11892.1,39016.2,184.6,828.21
Flight 3,3990,47.308037,2.628586,11891.7,39014.7,184.9,831.92
Flight 3,4020,47.250164,2.631939,11891.7,39014.8,184.9,837.66
Flight 3,4050,47.192123,2.634905,11891.9,39015.4,185.3,841.18
Flight 3,4080,47.134079,2.637829,11890.2,39009.7,185.3,837.29
Flight 3,4110,47.076206,2.640752,11889.9,39008.9,184.6,839.7
Flight 3,4140,47.017914,2.643976,11890.7,39011.3,184.9,845.44
Flight 3,4170,46.959953,2.647115,11888.3,39003.5,185.3,837.1
Flight 3,4200,46.902252,2.650038,11888.4,39003.8,185.6,829.7
Flight 3,4230,46.844719,2.653133,11889.9,39009,185.6,828.4
Flight 3,4260,46.787128,2.656173,11890.5,39010.9,186,829.33
Flight 3,4290,46.729446,2.65938,11889.5,39007.6,185.6,828.77
Flight 3,4320,46.671768,2.662715,11889.9,39008.7,186,829.33
Flight 3,4350,46.614086,2.665922,11890.8,39011.7,185.9,829.33
Flight 3,4380,46.55616,2.669001,11889.5,39007.6,185.6,828.77
Flight 3,4410,46.49839,2.672208,11889.8,39008.7,186.3,833.03
Flight 3,4440,46.440624,2.675329,11890.9,39012,186.3,826.18
Flight 3,4470,46.383034,2.678407,11890.8,39011.7,186.3,825.44
Flight 3,4500,46.325439,2.681657,11891.0,39012.4,186.6,829.14
Flight 3,4530,46.267853,2.684864,11890.3,39010.3,186.6,825.62
Flight 3,4560,46.210339,2.688156,11890.9,39012.1,186.6,827.1
Flight 3,4590,46.15284,2.691191,11891.2,39013.2,186.6,828.4
Flight 3,4620,46.095497,2.694355,11893.3,39019.9,187.3,835.62
Flight 3,4650,46.038326,2.69752,11892.7,39018.1,188,838.77
Flight 3,4680,45.980995,2.700469,11890.7,39011.6,188.4,838.77
Flight 3,4710,45.924175,2.703504,11890.7,39011.5,188.4,839.33
Flight 3,4740,45.868042,2.706454,11890.6,39011.3,188.4,833.03
Flight 3,4770,45.811909,2.70936,11890.9,39012.3,188,831.92
Flight 3,4800,45.756115,2.71261,11892.7,39018,188,830.99
Flight 3,4830,45.700165,2.715645,11892.0,39015.6,188,832.29
Flight 3,4860,45.644451,2.718809,11891.7,39014.6,188,830.99
Flight 3,4890,45.588745,2.721716,11891.4,39013.7,188.3,831.92
Flight 3,4920,45.533211,2.724451,11890.6,39011.2,188,826.36
Flight 3,4950,45.47768,2.727486,11891.0,39012.5,188,823.95
Flight 3,4980,45.422314,2.730564,11892.9,39018.6,187.6,819.7
Flight 3,5010,45.367298,2.733471,11892.2,39016.4,187.6,817.29
Flight 3,5040,45.312107,2.736377,11892.3,39016.8,187.3,816.18
Flight 3,5070,45.256916,2.739284,11891.9,39015.6,187.2,818.21
Flight 3,5100,45.201645,2.74219,11893.2,39019.7,187.6,818.21
Flight 3,5130,45.146027,2.745054,11893.3,39020,187.6,824.7
Flight 3,5160,45.090408,2.748003,11893.1,39019.2,187.9,824.14
Flight 3,5190,45.034443,2.751038,11892.4,39017,187.9,823.95
Flight 3,5220,44.978397,2.753988,11893.4,39020.5,187.6,823.58
Flight 3,5250,44.922184,2.757023,11893.3,39020,187.6,826.73
Flight 3,5280,44.865696,2.759844,11894.2,39022.9,187.6,830.81
Flight 3,5310,44.808884,2.762707,11893.5,39020.5,187.6,835.25
Flight 3,5340,44.751717,2.767889,11893.8,39021.6,183,835.62
Flight 3,5370,44.693699,2.777533,11894.8,39025,183,839.14
Flight 3,5400,44.635586,2.787091,11893.9,39021.9,183,843.59
Flight 3,5430,44.577312,2.796607,11894.1,39022.8,183,845.62
Flight 3,5460,44.519196,2.80595,11893.2,39019.8,183,842.1
Flight 3,5490,44.461086,2.815122,11893.6,39020.8,183,839.7
Flight 3,5520,44.403152,2.824294,11894.6,39024.4,183,838.59
Flight 3,5550,44.345039,2.833466,11894.0,39022.2,183,839.7
Flight 3,5580,44.286846,2.842467,11894.9,39025.1,182.9,840.44
Flight 3,5610,44.228657,2.851467,11894.3,39023.2,182.9,840.44
Flight 3,5640,44.170551,2.857249,11894.0,39022.4,188.2,841.73
Flight 3,5670,44.113289,2.857066,11839.0,38841.8,188.6,837.47
Flight 3,5700,44.056133,2.857226,11686.4,38341.2,188.2,831.55
Flight 3,5730,43.998798,2.857386,11537.7,37853.3,187.8,827.29
Flight 3,5760,43.940861,2.85776,11391.5,37373.8,187.5,832.47
Flight 3,5790,43.882587,2.858349,11247.7,36902,187.5,834.51
Flight 3,5820,43.824299,2.858724,11096.3,36405.1,187.5,831.36
Flight 3,5850,43.766373,2.859055,10982.0,36030.3,187.1,823.03
Flight 3,5880,43.70903,2.859387,10859.2,35627.1,187.1,820.25
Flight 3,5910,43.65221,2.859719,10699.4,35103,186.8,810.25
Flight 3,5940,43.595989,2.860093,10543.1,34590.4,187.1,804.14
Flight 3,5970,43.540455,2.860382,10389.2,34085.2,186.8,796.36
Flight 3,6000,43.485264,2.860928,10236.2,33583.3,186.4,791.92
Flight 3,6030,43.430248,2.861346,9935.9,32598.2,186.7,795.62
Flight 3,6060,43.37394,2.86172,9551.3,31336.2,186.4,820.81
Flight 3,6090,43.315758,2.862052,9276.1,30433.4,186,838.77
Flight 3,6120,43.257469,2.862598,8993.4,29505.9,185.3,836.73
Flight 3,6150,43.198673,2.863058,8700.6,28545.4,184.3,841.18
Flight 3,6180,43.139107,2.863604,8401.8,27564.9,184.3,840.99
Flight 3,6210,43.080406,2.864365,8096.7,26563.9,185.7,826.92
Flight 3,6240,43.023403,2.864396,7796.7,25579.7,186,812.47
Flight 3,6270,42.966763,2.864385,7485.2,24557.7,185.3,801.73
Flight 3,6300,42.910793,2.864716,7175.5,23541.6,184.2,786.54
Flight 3,6330,42.854824,2.86522,6870.4,22540.6,183.9,780.62
Flight 3,6360,42.799129,2.865766,6561.0,21525.8,184.2,775.62
Flight 3,6390,42.744968,2.865668,6261.2,20542.1,188.1,762.65
Flight 3,6420,42.692612,2.859648,5958.0,19547.1,189.5,753.21
Flight 3,6450,42.641289,2.8535,5748.0,18858.3,190.2,746.36
Flight 3,6480,42.591671,2.847652,5592.3,18347.5,190.5,731.17
Flight 3,6510,42.543598,2.841804,5438.8,17843.9,190.5,723.39
Flight 3,6540,42.495193,2.835955,5289.9,17355.3,189.8,721.35
Flight 3,6570,42.446621,2.829893,5138.2,16857.7,193,718.39
Flight 3,6600,42.399662,2.818723,4986.4,16359.6,194,712.09
Flight 3,6630,42.352551,2.807167,4835.5,15864.3,194,707.83
Flight 3,6660,42.305595,2.795869,4684.4,15368.6,193.7,700.8
Flight 3,6690,42.258129,2.784614,4533.3,14873,193.7,699.32
Flight 3,6720,42.210835,2.773358,4381.7,14375.7,193.7,694.69
Flight 3,6750,42.163883,2.76206,4230.1,13878.3,194.4,689.68
Flight 3,6780,42.116932,2.750675,4087.9,13411.6,194.4,685.43
Flight 3,6810,42.069649,2.738948,3939.9,12926.3,194,680.8
Flight 3,6840,42.02269,2.727306,3785.0,12418,193.7,677.28
Flight 3,6870,41.975574,2.715708,3634.8,11925.1,193.3,669.87
Flight 3,6900,41.92939,2.704495,3451.0,11322.1,193.3,648.76
Flight 3,6930,41.883564,2.692896,3024.4,9922.5,193.3,656.53
Flight 3,6960,41.840725,2.671942,2769.5,9086.2,208.4,631.9
Flight 3,6990,41.801666,2.641933,2619.1,8592.7,210.9,637.64
Flight 3,7020,41.762531,2.610937,2490.0,8169.4,209.8,639.31
Flight 3,7050,41.723564,2.581914,2430.4,7973.8,208.4,603.2
Flight 3,7080,41.687431,2.555767,2302.9,7555.4,208.4,560.42
Flight 3,7110,41.654713,2.530993,2241.9,7355.4,209.4,511.34
Flight 3,7140,41.624599,2.507979,2163.6,7098.5,209.1,472.82
Flight 3,7170,41.596016,2.486081,2021.6,6632.6,209.4,457.07
Flight 3,7200,41.568031,2.464526,1827.1,5994.3,210.1,452.07
Flight 3,7230,41.540051,2.442113,1639.7,5379.6,210.8,451.52
Flight 3,7260,41.511986,2.420257,1473.6,4834.8,209.1,444.29
Flight 3,7290,41.483917,2.399475,1306.5,4286.5,207.7,439.29
Flight 3,7320,41.455845,2.379422,1115.0,3658,205.9,434.29
Flight 3,7350,41.427433,2.358296,902.1,2959.7,206.2,427.07
Flight 3,7380,41.398602,2.336912,745.0,2444.4,206.2,426.52
Flight 3,7410,41.376118,2.309006,713.6,2341.2,245.6,379.66
Flight 3,7440,41.364609,2.274791,699.3,2294.3,242.1,329.84
Flight 3,7470,41.353622,2.244052,702.2,2303.9,242.1,320.58
Flight 3,7500,41.342716,2.212412,562.5,1845.6,244.5,321.51
Flight 3,7530,41.332169,2.181502,404.5,1327,243.8,298.91
Flight 3,7560,41.322803,2.153896,271.3,890.1,243.1,288.91
Flight 3,7590,41.313961,2.127963,140.3,460.2,244.2,283.17
Flight 3,7620,41.305466,2.102932,23.2,76,245.6,273.36
Flight 4,90,52.306423,4.768599,-1.2,-4,279.8,82.78
Flight 4,720,52.29303,4.747095,115.4,378.5,237.6,308.73
Flight 4,750,52.282211,4.719406,544.2,1785.3,234.8,312.62
Flight 4,780,52.269066,4.687639,723.1,2372.5,224.6,406.88
Flight 4,810,52.243046,4.676171,1170.8,3841.1,172.5,421.52
Flight 4,840,52.217552,4.707147,1585.0,5200.3,143.7,451.52
Flight 4,870,52.186218,4.736233,1894.2,6214.6,158.5,509.3
Flight 4,900,52.151707,4.756952,2414.6,7921.8,175.3,517.08
Flight 4,930,52.115471,4.75926,2908.6,9542.6,182.4,524.86
Flight 4,960,52.077877,4.761096,3263.2,10705.9,182.4,559.3
Flight 4,990,52.035297,4.762846,3468.2,11378.5,181.7,630.05
Flight 4,1020,51.990314,4.764811,3944.7,12941.9,181.3,649.68
Flight 4,1050,51.94413,4.766518,4361.5,14309.3,184.8,663.02
Flight 4,1080,51.898716,4.748012,4809.1,15777.8,207.3,682.09
Flight 4,1110,51.855713,4.714529,5285.8,17342,208,696.54
Flight 4,1140,51.811932,4.680316,5719.0,18763.2,206.6,705.61
Flight 4,1170,51.766956,4.645374,6104.3,20027.2,207.3,723.02
Flight 4,1200,51.72094,4.60953,6489.3,21290.5,207.3,740.24
Flight 4,1230,51.674232,4.573129,6868.0,22532.8,208.4,754.5
Flight 4,1260,51.626595,4.536341,7201.4,23626.6,207.3,774.88
Flight 4,1290,51.577583,4.501785,7550.5,24772.1,205.2,770.06
Flight 4,1320,51.527359,4.46753,7828.8,25685,205.9,786.91
Flight 4,1350,51.476284,4.431986,8103.7,26586.8,206.6,798.77
Flight 4,1380,51.424347,4.395928,8364.8,27443.7,206.6,808.77
Flight 4,1410,51.371559,4.359355,8617.5,28272.7,206.6,818.4
Flight 4,1440,51.317993,4.322225,8860.2,29068.9,206.9,827.29
Flight 4,1470,51.263912,4.284579,9094.7,29838.3,207.6,839.33
Flight 4,1500,51.209145,4.246675,9323.1,30587.7,207.6,846.36
Flight 4,1530,51.154533,4.209158,9643.5,31638.8,208,836.18
Flight 4,1560,51.100124,4.172156,9925.2,32562.9,208,831.55
Flight 4,1590,51.046043,4.135325,10191.0,33435,207.6,835.44
Flight 4,1620,50.992134,4.098667,10415.6,34171.8,206.5,830.99
Flight 4,1650,50.937881,4.061965,10655.5,34958.9,207.2,828.03
Flight 4,1680,50.883717,4.025864,10869.7,35661.9,203.7,825.25
Flight 4,1710,50.828007,3.995342,11077.7,36344.2,202.3,822.47
Flight 4,1740,50.772636,3.964262,11275.2,36992.1,202.3,815.81
Flight 4,1770,50.71727,3.933654,11462.9,37607.8,202.7,816.73
Flight 4,1800,50.662071,3.903518,11643.0,38199,202.3,820.62
Flight 4,1830,50.606365,3.878146,11815.9,38766.2,194.2,813.58
Flight 4,1860,50.548759,3.864232,11919.0,39104.3,192.5,813.21
Flight 4,1890,50.490818,3.851005,11918.7,39103.2,192.5,812.66
Flight 4,1920,50.432964,3.837778,11919.1,39104.6,192.4,812.29
Flight 4,1950,50.374943,3.824722,11917.4,39099.2,192.4,810.81
Flight 4,1980,50.317162,3.811838,11917.9,39100.6,192.4,811.36
Flight 4,2010,50.259392,3.799298,11917.5,39099.5,192.4,810.25
Flight 4,2040,50.201447,3.786757,11917.3,39098.8,192.4,809.51
Flight 4,2070,50.143505,3.774388,11916.4,39095.7,192.4,808.95
Flight 4,2100,50.085388,3.761847,11915.1,39091.5,192.4,809.14
Flight 4,2130,50.027447,3.749264,11914.9,39090.7,192.4,808.4
Flight 4,2160,49.969505,3.736981,11913.6,39086.6,192.4,803.4
Flight 4,2190,49.913616,3.715128,11911.4,39079.3,207.5,799.51
Flight 4,2220,49.86409,3.672289,11914.9,39090.9,215.3,800.99
Flight 4,2250,49.815258,3.626575,11914.1,39088.1,214.9,801.73
Flight 4,2280,49.766228,3.58099,11912.5,39082.9,214.6,802.29
Flight 4,2310,49.716854,3.535705,11911.5,39079.8,214.2,800.43
Flight 4,2340,49.667164,3.490335,11913.0,39084.8,214.5,804.69
Flight 4,2370,49.617626,3.444792,11908.0,39068.2,214.2,798.03
Flight 4,2400,49.567928,3.399164,11910.4,39076.1,214.9,803.21
Flight 4,2430,49.517887,3.353794,11910.7,39077.2,215.6,809.32
Flight 4,2460,49.46801,3.308166,11911.7,39080.4,215.6,813.58
Flight 4,2490,49.417793,3.262452,11910.0,39074.9,215.6,814.88
Flight 4,2520,49.367058,3.217338,11905.2,39058.9,214.5,815.62
Flight 4,2550,49.316833,3.171625,11907.1,39065.2,215.9,811.55
Flight 4,2580,49.266621,3.125653,11907.3,39066,215.6,807.29
Flight 4,2610,49.216404,3.08024,11906.3,39062.5,215.2,803.95
Flight 4,2640,49.16584,3.035169,11908.5,39069.9,215.2,805.25
Flight 4,2670,49.115452,2.990099,11906.0,39061.6,215.2,804.88
Flight 4,2700,49.064716,2.945029,11907.1,39065.2,215.6,804.88
Flight 4,2730,49.013996,2.900002,11907.0,39064.8,215.9,810.06
Flight 4,2760,48.963169,2.854717,11905.8,39061,215.9,812.1
Flight 4,2790,48.912342,2.809647,11906.5,39063.2,215.5,807.29
Flight 4,2820,48.861359,2.764748,11903.0,39051.8,215.5,807.1
Flight 4,2850,48.810364,2.719978,11907.3,39065.8,215.9,809.69
Flight 4,2880,48.759293,2.67478,11902.1,39048.8,215.9,806.36
Flight 4,2910,48.708221,2.63001,11903.7,39054,215.5,804.69
Flight 4,2940,48.657139,2.584983,11901.4,39046.5,215.9,803.4
Flight 4,2970,48.606056,2.540084,11900.7,39044.2,215.5,803.03
Flight 4,3000,48.552929,2.499262,11904.7,39057.5,203.2,805.25
Flight 4,3030,48.491905,2.488782,11899.8,39041.3,181.8,809.32
Flight 4,3060,48.429317,2.493407,11900.6,39043.9,181.8,811.18
Flight 4,3090,48.36657,2.497904,11899.3,39039.8,182.5,806.36
Flight 4,3120,48.303646,2.502271,11900.6,39044,182.1,811.36
Flight 4,3150,48.240898,2.506167,11900.6,39044,182.5,813.03
Flight 4,3180,48.177975,2.509634,11901.0,39045.2,182.1,810.62
Flight 4,3210,48.115219,2.513444,11898.0,39035.4,181.7,810.44
Flight 4,3240,48.052307,2.518069,11896.8,39031.6,181.4,805.81
Flight 4,3270,47.989552,2.522738,11898.5,39037,181.4,807.84
Flight 4,3300,47.926464,2.52732,11896.0,39028.8,181.4,802.47
Flight 4,3330,47.863716,2.528083,11896.0,39028.9,189.5,808.95
Flight 4,3360,47.802082,2.516615,11895.3,39026.6,191.2,807.29
Flight 4,3390,47.740448,2.504675,11896.2,39029.6,191.2,807.1
Flight 4,3420,47.678383,2.497156,11895.5,39027.4,182.8,808.58
Flight 4,3450,47.615635,2.502039,11894.0,39022.3,180.3,808.21
Flight 4,3480,47.552803,2.507394,11895.1,39026,180.3,808.21
Flight 4,3510,47.489967,2.512835,11894.7,39024.7,180.3,809.51
Flight 4,3540,47.427132,2.517975,11893.6,39021.2,180.3,809.51
Flight 4,3570,47.364304,2.523287,11891.6,39014.5,179.9,803.77
Flight 4,3600,47.301544,2.528599,11890.5,39010.9,180.6,802.47
Flight 4,3630,47.238968,2.533739,11890.1,39009.5,181,800.06
Flight 4,3660,47.176304,2.538708,11890.4,39010.6,180.6,799.14
Flight 4,3690,47.113808,2.543548,11890.6,39011,181,798.4
Flight 4,3720,47.05098,2.548817,11891.3,39013.4,180.6,799.88
Flight 4,3750,46.988136,2.553442,11889.2,39006.5,181.3,801.92
Flight 4,3780,46.924885,2.557337,11892.4,39017,181,803.03
Flight 4,3810,46.861801,2.562475,11890.9,39012.1,179.6,806.36
Flight 4,3840,46.798458,2.568043,11889.9,39009,179.6,803.77
Flight 4,3870,46.735283,2.573482,11891.9,39015.4,180.3,801.18
Flight 4,3900,46.67186,2.578792,11891.2,39013.3,180.2,799.69
Flight 4,3930,46.608601,2.584103,11892.8,39018.5,180.2,801.73
Flight 4,3960,46.545006,2.58907,11891.6,39014.6,180.6,802.1
Flight 4,3990,46.481415,2.593908,11893.3,39019.9,180.9,803.58
Flight 4,4020,46.417721,2.598832,11894.3,39023.4,180.2,803.95
Flight 4,4050,46.353874,2.603971,11896.2,39029.5,180.2,809.51
Flight 4,4080,46.290009,2.608895,11894.5,39024.1,180.6,809.32
Flight 4,4110,46.225979,2.613561,11896.4,39030.2,180.2,811.73
Flight 4,4140,46.161953,2.618485,11895.2,39026.3,180.6,805.06
Flight 4,4170,46.097923,2.623152,11895.9,39028.6,180.6,804.88
Flight 4,4200,46.03381,2.62829,11897.7,39034.6,180.6,804.32
Flight 4,4230,45.969696,2.632957,11898.6,39037.3,180.9,805.43
Flight 4,4260,45.905323,2.637709,11896.7,39031.1,180.6,804.51
Flight 4,4290,45.841114,2.642848,11897.4,39033.6,180.6,800.06
Flight 4,4320,45.776749,2.647644,11902.0,39048.7,180.2,805.99
Flight 4,4350,45.712196,2.652954,11900.0,39041.9,180.2,805.43
Flight 4,4380,45.647491,2.658092,11898.6,39037.4,180.5,802.66
Flight 4,4410,45.582767,2.662544,11899.7,39040.9,180.5,799.69
Flight 4,4440,45.517891,2.666996,11900.5,39043.7,180.2,798.21
Flight 4,4470,45.452824,2.672264,11902.6,39050.6,180.2,802.29
Flight 4,4500,45.387341,2.677231,11902.7,39050.9,180.5,806.18
Flight 4,4530,45.32151,2.681897,11902.3,39049.6,180.2,810.25
Flight 4,4560,45.255505,2.686864,11903.6,39053.8,179.8,810.25
Flight 4,4590,45.189499,2.691831,11904.2,39055.9,180.2,812.29
Flight 4,4620,45.123249,2.696798,11905.2,39058.9,179.8,811.36
Flight 4,4650,45.056824,2.701937,11903.3,39053,179.8,809.32
Flight 4,4680,44.990471,2.706904,11905.4,39059.8,180.2,812.1
Flight 4,4710,44.924114,2.711527,11906.4,39062.9,180.1,811.18
Flight 4,4740,44.857517,2.716451,11906.1,39062,179.8,810.44
Flight 4,4770,44.791077,2.721161,11907.2,39065.6,179.8,813.21
Flight 4,4800,44.724487,2.726085,11908.5,39069.9,179.8,807.84
Flight 4,4830,44.658047,2.731052,11905.9,39061.2,179.4,808.95
Flight 4,4860,44.591278,2.736148,11908.6,39070.3,179.8,810.81
Flight 4,4890,44.524837,2.740986,11908.4,39069.5,179.8,810.81
Flight 4,4920,44.458324,2.74561,11910.6,39076.9,179.8,812.47
Flight 4,4950,44.3918,2.750276,11908.8,39071,179.4,809.88
Flight 4,4980,44.325375,2.7552,11910.3,39075.8,179.4,805.43
Flight 4,5010,44.259113,2.760039,11909.7,39073.9,179.8,799.32
Flight 4,5040,44.19286,2.764963,11908.3,39069.2,179.4,796.73
Flight 4,5070,44.126591,2.769972,11912.8,39083.8,179,801.73
Flight 4,5100,44.059994,2.774725,11914.8,39090.6,179,804.14
Flight 4,5130,43.993225,2.77952,11912.1,39081.8,178.7,805.99
Flight 4,5160,43.926529,2.784444,11914.4,39089.4,179,805.43
Flight 4,5190,43.859497,2.787866,11887.8,39002.1,181.5,807.66
Flight 4,5220,43.792038,2.789143,11742.9,38526.6,181.5,817.47
Flight 4,5250,43.724052,2.790591,11577.2,37982.8,181.1,825.62
Flight 4,5280,43.655396,2.792253,11416.8,37456.6,180.4,827.66
Flight 4,5310,43.586388,2.794817,11246.4,36897.8,180.4,833.03
Flight 4,5340,43.51635,2.797037,11038.2,36214.7,180.4,838.03
Flight 4,5370,43.446659,2.798914,10755.2,35286.2,179.7,840.25
Flight 4,5400,43.376877,2.800963,10456.9,34307.4,179.4,836.73
Flight 4,5430,43.306232,2.803398,10158.1,33327,179.4,854.51
Flight 4,5460,43.235435,2.805404,9858.3,32343.5,179,846.92
Flight 4,5490,43.165302,2.807796,9549.6,31330.9,178.6,835.07
Flight 4,5520,43.095959,2.809845,9240.2,30315.6,178.3,814.14
Flight 4,5550,43.027817,2.812065,8919.6,29263.9,178.3,797.29
Flight 4,5580,42.960606,2.814629,8608.8,28244.2,178.6,790.25
Flight 4,5610,42.894768,2.816892,8297.6,27222.9,179,777.28
Flight 4,5640,42.829891,2.81907,7992.5,26222,178.6,765.99
Flight 4,5670,42.766033,2.82099,7671.7,25169.6,177.9,754.5
Flight 4,5700,42.703465,2.823339,7411.9,24317.1,178.3,737.1
Flight 4,5730,42.642788,2.825087,7166.7,23512.8,178.3,715.43
Flight 4,5760,42.583992,2.827222,6925.4,22721,178.6,694.13
Flight 4,5790,42.526741,2.829013,6730.6,22081.9,178.6,676.54
Flight 4,5820,42.470863,2.830761,6508.9,21354.6,179,663.76
Flight 4,5850,42.416714,2.823112,6269.1,20567.9,190.6,657.09
Flight 4,5880,42.363922,2.810397,6060.4,19883.3,190.5,640.79
Flight 4,5910,42.310966,2.797641,5766.2,18918,190.5,640.42
Flight 4,5940,42.259129,2.785141,5467.7,17938.5,190.2,629.49
Flight 4,5970,42.208138,2.77277,5215.9,17112.4,190.2,621.53
Flight 4,6000,42.15699,2.760743,4958.6,16268.4,190.9,623.94
Flight 4,6030,42.104298,2.747557,4663.6,15300.6,190.2,690.61
Flight 4,6060,42.048672,2.733513,4343.1,14249,190.5,713.39
Flight 4,6090,41.992203,2.718052,3963.9,13005.1,196.1,713.58
Flight 4,6120,41.939236,2.690318,3456.3,11339.7,208.1,706.91
Flight 4,6150,41.888683,2.65649,3045.5,9991.8,208.1,695.24
Flight 4,6180,41.840027,2.624464,2887.8,9474.3,207.7,653.57
Flight 4,6210,41.7948,2.594841,2741.8,8995.2,207.7,609.49
Flight 4,6240,41.752823,2.567451,2609.0,8559.7,207.7,570.05
Flight 4,6270,41.71394,2.542162,2539.6,8332.2,207.4,530.6
Flight 4,6300,41.677376,2.518076,2478.4,8131.1,207.4,516.34
Flight 4,6330,41.642181,2.494719,2392.7,7850,207.7,502.26
Flight 4,6360,41.605885,2.470976,2010.6,6596.6,207.7,544.86
Flight 4,6390,41.568546,2.446117,1783.8,5852.4,207,533.75
Flight 4,6420,41.533268,2.422975,1549.2,5082.5,205.2,502.63
Flight 4,6450,41.498672,2.400562,1296.7,4254.2,203.1,493.93
Flight 4,6480,41.464779,2.379007,1054.7,3460.2,203.8,484.11
Flight 4,6510,41.431576,2.357109,848.0,2782.1,204.2,467.82
Flight 4,6540,41.400414,2.3368,774.3,2540.2,203.5,433.18
Flight 4,6570,41.375618,2.309924,677.7,2223.3,243.6,412.81
Flight 4,6600,41.363846,2.273177,707.2,2320.3,243.5,366.88
Flight 4,6630,41.352261,2.239521,651.7,2138,243.2,353.36
Flight 4,6660,41.341274,2.207709,521.7,1711.6,244.6,330.4
Flight 4,6690,41.33149,2.179332,377.7,1239.1,247.1,287.06
Flight 4,6720,41.322994,2.153829,255.3,837.7,245.6,270.39
Flight 4,6750,41.314842,2.1303,145.7,478,243.9,271.5
Flight 4,6780,41.306774,2.106858,40.4,132.6,245.3,280.76
Flight 5,60,52.309841,4.77451,-1.2,-4,36.9,83.9
Flight 5,960,52.289314,4.737583,212.2,696.1,236.6,304.1
Flight 5,990,52.27737,4.706566,537.9,1764.9,238,319.47
Flight 5,1020,52.258125,4.680054,711.3,2333.6,194.8,402.25
Flight 5,1050,52.230129,4.694441,1124.8,3690.4,139.2,429.29
Flight 5,1080,52.204189,4.724362,1600.8,5251.8,155.4,438.55
Flight 5,1110,52.174812,4.748448,2062.6,6767.1,155.8,445.59
Flight 5,1140,52.141926,4.760775,2470.1,8103.9,181.8,481.52
Flight 5,1170,52.103889,4.76233,2790.4,9154.8,182.1,526.34
Flight 5,1200,52.064045,4.764142,3234.8,10612.8,182.1,550.04
Flight 5,1230,52.020424,4.766083,3404.2,11168.6,182.1,625.98
Flight 5,1260,51.972942,4.768239,3818.7,12528.6,182.5,648.2
Flight 5,1290,51.924603,4.764173,4266.8,13998.7,196.9,663.02
Flight 5,1320,51.87944,4.734442,4695.0,15403.6,210.6,681.17
Flight 5,1350,51.83445,4.699348,5152.8,16905.4,211.3,695.24
Flight 5,1380,51.788944,4.663867,5595.5,18357.8,211.3,708.76
Flight 5,1410,51.742577,4.627786,5994.0,19665.2,211.3,712.83
Flight 5,1440,51.694668,4.590588,6273.8,20583.5,211.7,728.58
Flight 5,1470,51.645039,4.552361,6601.8,21659.5,212.4,754.32
Flight 5,1500,51.59481,4.513447,6991.6,22938.2,212.4,766.36
Flight 5,1530,51.544403,4.474748,7377.6,24204.8,211.7,776.54
Flight 5,1560,51.493927,4.436134,7740.8,25396.4,211.7,783.03
Flight 5,1590,51.442066,4.400225,8040.0,26377.9,209.6,800.62
Flight 5,1620,51.389439,4.364873,8326.1,27316.7,209.6,809.88
Flight 5,1650,51.336464,4.328835,8584.2,28163.3,210.3,817.66
Flight 5,1680,51.282974,4.291981,8826.0,28956.8,210.6,831.92
Flight 5,1710,51.22897,4.254611,8882.1,29140.8,210.6,837.47
Flight 5,1740,51.174709,4.217457,8879.7,29132.8,210.6,835.25
Flight 5,1770,51.120609,4.180388,8879.2,29131.2,210.3,833.96
Flight 5,1800,51.066357,4.143535,8879.4,29132,210.3,835.62
Flight 5,1830,51.012096,4.106638,8880.5,29135.4,210.3,840.44
Flight 5,1860,50.958084,4.070041,8878.8,29130,210.3,840.25
Flight 5,1890,50.903915,4.033445,8876.8,29123.3,210.3,839.14
Flight 5,1920,50.849651,3.997149,8877.2,29124.6,210.3,838.96
Flight 5,1950,50.795399,3.960596,8877.6,29126.1,209.9,842.47
Flight 5,1980,50.740955,3.923999,8876.9,29123.7,209.9,843.03
Flight 5,2010,50.686344,3.887532,8875.1,29117.9,209.9,843.22
Flight 5,2040,50.631573,3.850978,8877.0,29124.1,209.9,845.81
Flight 5,2070,50.576797,3.814081,8875.2,29118.1,211,847.29
Flight 5,2100,50.522877,3.774567,8874.6,29116.1,212.1,848.96
Flight 5,2130,50.469116,3.734794,8874.6,29116,212.1,853.59
Flight 5,2160,50.415043,3.695365,8873.1,29111.1,211.7,853.03
Flight 5,2190,50.361126,3.65658,8872.4,29108.9,211.4,850.07
Flight 5,2220,50.307289,3.617967,8872.1,29108.1,211.4,848.22
Flight 5,2250,50.253464,3.579611,8870.4,29102.4,211,844.88
Flight 5,2280,50.199883,3.541169,8871.8,29106.9,211.4,842.85
Flight 5,2310,50.146137,3.502813,8870.0,29101.1,211.4,840.81
Flight 5,2340,50.0923,3.464543,8870.2,29101.6,211.4,841.92
Flight 5,2370,50.0383,3.426187,8869.6,29099.8,211.4,847.1
Flight 5,2400,49.984207,3.388046,8986.5,29483.1,211,848.03
Flight 5,2430,49.929443,3.34939,9147.4,30011.2,211.4,859.7
Flight 5,2460,49.874397,3.310561,9305.4,30529.4,211.4,864.14
Flight 5,2490,49.819023,3.271734,9453.4,31015.2,211,860.81
Flight 5,2520,49.764072,3.233249,9477.7,31094.7,211,856.92
Flight 5,2550,49.709114,3.194893,9476.7,31091.6,211,859.14
Flight 5,2580,49.654175,3.156451,9475.1,31086.2,211.4,856.92
Flight 5,2610,49.599575,3.11831,9474.1,31083.1,211.4,855.07
Flight 5,2640,49.545135,3.080683,9475.1,31086.4,211.4,857.29
Flight 5,2670,49.490696,3.043014,9474.9,31085.7,211.7,863.03
Flight 5,2700,49.436443,3.005645,9474.4,31084.1,212.1,864.51
Flight 5,2730,49.382355,2.968319,9472.2,31076.8,212.1,859.88
Flight 5,2760,49.328861,2.931465,9471.5,31074.5,211.7,854.33
Flight 5,2790,49.275375,2.89474,9471.1,31073.1,211.7,851.36
Flight 5,2820,49.222225,2.858615,9471.9,31075.8,211.4,850.07
Flight 5,2850,49.169071,2.822362,9470.9,31072.7,211.4,849.51
Flight 5,2880,49.115849,2.786066,9471.3,31073.8,211.4,850.07
Flight 5,2910,49.062447,2.749856,9469.5,31067.9,211.4,849.88
Flight 5,2940,49.009045,2.713603,9470.6,31071.5,211.4,852.29
Flight 5,2970,48.955471,2.677522,9507.5,31192.6,211.4,856.74
Flight 5,3000,48.902321,2.641783,9661.0,31696.3,211.8,855.07
Flight 5,3030,48.849689,2.606346,9806.6,32173.7,211.8,848.96
Flight 5,3060,48.79723,2.571037,9952.9,32653.8,211.8,845.25
Flight 5,3090,48.744427,2.535728,10101.8,33142.3,211.4,848.03
Flight 5,3120,48.691883,2.500633,10247.3,33619.8,211.4,845.81
Flight 5,3150,48.639683,2.465925,10419.7,34185.5,211.4,840.25
Flight 5,3180,48.587646,2.431346,10593.1,34754.3,211.1,839.33
Flight 5,3210,48.535786,2.396723,10685.8,35058.5,211.1,845.25
Flight 5,3240,48.483761,2.362273,10684.5,35054.3,210.7,843.4
Flight 5,3270,48.431725,2.327822,10683.6,35051.1,210.7,842.85
Flight 5,3300,48.377209,2.30174,10682.1,35046.2,195.6,840.25
Flight 5,3330,48.317375,2.303252,10682.1,35046.2,185.1,842.1
Flight 5,3360,48.257442,2.308712,10681.8,35045.4,185.1,839.51
Flight 5,3390,48.197521,2.314001,10680.8,35041.9,185.1,835.25
Flight 5,3420,48.13776,2.319118,10680.7,35041.5,185.1,834.7
Flight 5,3450,48.077843,2.325522,10681.4,35044.1,184,837.1
Flight 5,3480,48.01791,2.332527,10680.7,35041.5,183.7,838.4
Flight 5,3510,47.957645,2.339404,10800.8,35435.6,183.7,837.1
Flight 5,3540,47.897541,2.346151,10988.4,36051.2,183.7,829.88
Flight 5,3570,47.837276,2.352727,11150.4,36582.8,183.7,832.1
Flight 5,3600,47.777,2.359303,11311.3,37110.4,183.7,832.29
Flight 5,3630,47.716724,2.365836,11457.9,37591.5,183.7,826.73
Flight 5,3660,47.656029,2.372456,11566.3,37947.1,183.3,827.66
Flight 5,3690,47.595158,2.379075,11680.6,38322.1,183.7,841.55
Flight 5,3720,47.534119,2.385779,11812.1,38753.7,183.3,839.33
Flight 5,3750,47.473259,2.392484,11895.8,39028.2,183.3,835.99
Flight 5,3780,47.412376,2.399103,11893.1,39019.5,183.3,834.14
Flight 5,3810,47.351345,2.405679,11894.5,39024,183.3,832.1
Flight 5,3840,47.290379,2.412255,11894.2,39023,183,833.59
Flight 5,3870,47.22942,2.418831,11893.1,39019.5,183,837.84
Flight 5,3900,47.168465,2.425407,11892.2,39016.5,183,834.33
Flight 5,3930,47.10751,2.431812,11891.0,39012.3,183.3,837.29
Flight 5,3960,47.046555,2.438216,11891.0,39012.5,183.3,836.92
Flight 5,3990,46.985596,2.44462,11891.1,39012.7,183,836.92
Flight 5,4020,46.924728,2.451196,11892.0,39015.9,182.6,842.66
Flight 5,4050,46.86385,2.457782,11889.2,39006.5,183,840.44
Flight 5,4080,46.803005,2.464427,11889.7,39008.3,183,837.66
Flight 5,4110,46.742336,2.470472,11890.5,39010.7,183.7,836.92
Flight 5,4140,46.681904,2.475658,11890.7,39011.6,184,838.77
Flight 5,4170,46.621655,2.480973,11891.2,39013.1,184,832.1
Flight 5,4200,46.561405,2.486331,11891.7,39014.6,184,833.96
Flight 5,4230,46.501331,2.491646,11891.7,39014.7,183.7,831.36
Flight 5,4260,46.441502,2.497132,11892.7,39018.1,183.3,827.47
Flight 5,4290,46.381687,2.502704,11893.0,39019,183.3,824.7
Flight 5,4320,46.321854,2.508062,11894.0,39022.3,183.4,823.58
Flight 5,4350,46.261852,2.513248,11895.2,39026.1,183.4,829.51
Flight 5,4380,46.201527,2.518692,11894.4,39023.8,183.4,828.58
Flight 5,4410,46.141201,2.524007,11894.4,39023.8,182.7,825.44
Flight 5,4440,46.08102,2.529322,11895.9,39028.5,182.7,830.07
Flight 5,4470,46.020687,2.534808,11897.8,39034.7,182.7,834.33
Flight 5,4500,45.960262,2.54008,11896.4,39030.2,182.7,836.18
Flight 5,4530,45.899666,2.545395,11896.7,39031.3,182.7,836.55
Flight 5,4560,45.839161,2.550753,11897.0,39032.3,182.7,836.73
Flight 5,4590,45.778477,2.556239,11898.0,39035.3,182.7,835.07
Flight 5,4620,45.717793,2.561554,11898.2,39036.2,182.7,837.29
Flight 5,4650,45.657112,2.566869,11898.9,39038.5,182.7,836.55
Flight 5,4680,45.596268,2.572184,11899.1,39039.1,182.7,833.03
Flight 5,4710,45.535583,2.577499,11900.1,39042.2,183,832.66
Flight 5,4740,45.474644,2.582599,11899.4,39040,183,834.7
Flight 5,4770,45.413708,2.587571,11900.6,39043.9,183,833.96
Flight 5,4800,45.352596,2.592928,11900.6,39044,182.7,832.66
Flight 5,4830,45.291477,2.598286,11901.2,39045.9,182.7,832.84
Flight 5,4860,45.230293,2.60373,11901.9,39048.3,182.7,835.44
Flight 5,4890,45.168926,2.609045,11902.9,39051.7,183,837.1
Flight 5,4920,45.107559,2.614231,11902.8,39051.2,182.3,836.36
Flight 5,4950,45.046021,2.621133,11904.8,39057.8,181.3,840.81
Flight 5,4980,44.984566,2.628508,11903.7,39054.2,181.3,838.03
Flight 5,5010,44.922596,2.635582,11904.5,39056.8,181.6,843.59
Flight 5,5040,44.860542,2.6424,11904.4,39056.5,181.6,845.62
Flight 5,5070,44.798153,2.652864,11905.3,39059.5,177.8,848.59
Flight 5,5100,44.735748,2.66556,11905.0,39058.3,177.8,849.14
Flight 5,5130,44.673004,2.678128,11906.2,39062.4,177.8,852.48
Flight 5,5160,44.609928,2.690438,11906.1,39062.1,178.1,852.29
Flight 5,5190,44.546829,2.702834,11908.1,39068.7,178.1,858.03
Flight 5,5220,44.483414,2.715144,11907.3,39066,178.1,858.59
Flight 5,5250,44.419643,2.727368,11908.1,39068.6,178.1,858.59
Flight 5,5280,44.355957,2.739678,11907.6,39067,178.1,859.7
Flight 5,5310,44.292103,2.752374,11910.3,39075.9,177.8,861.18
Flight 5,5340,44.228077,2.764899,11908.2,39068.9,177.8,862.11
Flight 5,5370,44.164211,2.777466,11910.1,39075,177.8,860.44
Flight 5,5400,44.100189,2.79012,11908.6,39070.1,177.4,857.48
Flight 5,5430,44.036163,2.802687,11909.8,39074.1,177.4,855.99
Flight 5,5460,43.972305,2.815126,11911.5,39079.6,177.4,860.07
Flight 5,5490,43.908283,2.827221,11910.2,39075.5,177.4,859.33
Flight 5,5520,43.844677,2.83936,11911.4,39079.3,177.4,858.77
Flight 5,5550,43.780918,2.850554,11911.4,39079.5,181,855.99
Flight 5,5580,43.717396,2.85235,11911.9,39081,184.5,853.96
Flight 5,5610,43.653885,2.853459,11912.1,39081.6,184.5,850.07
Flight 5,5640,43.59063,2.854396,11912.1,39081.7,184.5,847.85
Flight 5,5670,43.527542,2.855334,11811.5,38751.7,184.5,853.4
Flight 5,5700,43.464802,2.856229,11666.3,38275.2,184.1,849.14
Flight 5,5730,43.401882,2.857037,11522.4,37803.2,183.4,849.51
Flight 5,5760,43.338806,2.858146,11378.5,37330.9,183.8,849.33
Flight 5,5790,43.275555,2.858955,11240.0,36876.5,183.1,856.92
Flight 5,5820,43.212555,2.85985,11100.5,36418.9,183.1,859.7
Flight 5,5850,43.149548,2.861174,10957.1,35948.6,183.8,860.62
Flight 5,5880,43.087074,2.861725,10705.8,35124,183.1,846.73
Flight 5,5910,43.024769,2.862362,10695.2,35089.2,182.7,851.18
Flight 5,5940,42.96236,2.863385,10563.8,34658.2,182.7,848.77
Flight 5,5970,42.899109,2.864237,9970.7,32712.2,181.7,870.25
Flight 5,6000,42.834396,2.865303,9394.7,30822.6,181.7,875.26
Flight 5,6030,42.768822,2.866413,8822.3,28944.6,182.4,885.07
Flight 5,6060,42.704109,2.86087,8410.2,27592.5,188,866.92
Flight 5,6090,42.641453,2.85331,8039.8,26377.1,187.3,850.44
Flight 5,6120,42.579914,2.846309,7563.7,24815.3,187.7,839.14
Flight 5,6150,42.519058,2.839393,7124.6,23374.8,188,834.88
Flight 5,6180,42.459152,2.832262,6824.6,22390.4,189.4,830.07
Flight 5,6210,42.399586,2.818695,6512.9,21367.9,193.6,833.77
Flight 5,6240,42.340366,2.804483,6164.6,20224.9,193.6,824.51
Flight 5,6270,42.28149,2.790486,5797.4,19020.5,194,815.44
Flight 5,6300,42.223812,2.776704,5427.3,17806.1,193.7,791.73
Flight 5,6330,42.167324,2.763179,5034.0,16515.9,193.7,766.91
Flight 5,6360,42.11129,2.749869,4581.3,15030.7,194,761.91
Flight 5,6390,42.055939,2.736044,4155.3,13632.8,194.4,750.99
Flight 5,6420,42.001686,2.722562,3738.5,12265.3,194.7,737.47
Flight 5,6450,41.948132,2.70938,3333.9,10937.9,194.7,719.69
Flight 5,6480,41.897152,2.696714,3163.7,10379.6,194.4,676.54
Flight 5,6510,41.847206,2.684304,2995.9,9829.1,193,670.79
Flight 5,6540,41.799652,2.66224,2845.6,9335.8,208.8,666.72
Flight 5,6570,41.756393,2.627815,2781.0,9124,213.7,668.2
Flight 5,6600,41.714249,2.593605,2783.6,9132.7,213.4,664.87
Flight 5,6630,41.672462,2.559911,2722.6,8932.3,213.4,623.57
Flight 5,6660,41.63409,2.528705,2672.6,8768.4,213,567.82
Flight 5,6690,41.598984,2.500503,2606.3,8550.9,212.7,505.97
Flight 5,6720,41.567059,2.474747,2517.7,8260,213,475.04
Flight 5,6750,41.536331,2.449764,2349.3,7707.6,213.4,471.89
Flight 5,6780,41.505859,2.42521,2211.6,7255.7,214.4,457.07
Flight 5,6810,41.476589,2.401343,1981.2,6500,215.5,447.26
Flight 5,6840,41.447159,2.377476,1699.0,5574,214.1,448.0
Flight 5,6870,41.417713,2.353951,1428.5,4686.6,214.1,446.33
Flight 5,6900,41.388966,2.330814,1202.9,3946.5,216.2,443.74
Flight 5,6930,41.371025,2.296261,966.4,3170.5,249.6,427.07
Flight 5,6960,41.358757,2.258618,748.9,2457,246.8,390.59
Flight 5,6990,41.347179,2.225438,591.1,1939.4,246.4,355.95
Flight 5,7020,41.337307,2.196206,455.2,1493.5,246.1,307.06
Flight 5,7050,41.328472,2.170322,336.3,1103.4,244.3,277.24
Flight 5,7080,41.31971,2.144909,211.5,693.7,243.6,280.39
Flight 5,7110,41.310959,2.119111,96.8,317.5,242.9,274.28
Flight 5,7320,41.301174,2.076405,6.4,21,17.9,84.45
Flight 6,60,52.321716,4.725231,-1.2,-4,144.9,83.71
Flight 6,540,52.29649,4.738074,329.9,1082.2,175.9,320.4
Flight 6,570,52.273102,4.748413,635.4,2084.8,163.6,368.18
Flight 6,600,52.243397,4.762228,809.3,2655.1,165.7,460.22
Flight 6,630,52.208172,4.766171,1200.5,3938.6,183.6,489.85
Flight 6,660,52.170818,4.761275,1689.3,5542.4,182.6,504.3
Flight 6,690,52.132946,4.757194,2166.8,7108.8,181.9,522.26
Flight 6,720,52.094467,4.752855,2643.8,8674,183,529.49
Flight 6,750,52.055302,4.747486,3067.0,10062.4,183,538.01
Flight 6,780,52.013134,4.741989,3279.4,10759.3,183,600.23
Flight 6,810,51.96719,4.735805,3666.4,12028.9,183,635.42
Flight 6,840,51.921677,4.717991,4145.9,13602.1,198.9,639.13
Flight 6,870,51.877701,4.684728,4517.0,14819.6,203.5,651.53
Flight 6,900,51.831852,4.649834,4920.5,16143.3,203.1,670.79
Flight 6,930,51.784962,4.614038,5344.0,17532.9,203.1,684.68
Flight 6,960,51.737301,4.577556,5772.4,18938.4,203.2,693.57
Flight 6,990,51.689117,4.540774,6180.4,20276.9,202.8,703.76
Flight 6,1020,51.640091,4.503476,6551.7,21494.9,203.2,713.21
Flight 6,1050,51.590359,4.465621,6889.0,22601.6,202.8,726.35
Flight 6,1080,51.539364,4.42708,7217.8,23680.5,202.9,738.95
Flight 6,1110,51.487667,4.388065,7521.2,24675.8,203.2,745.8
Flight 6,1140,51.435028,4.348236,7798.8,25586.8,203.2,756.17
Flight 6,1170,51.381184,4.307763,8060.7,26446,204,761.91
Flight 6,1200,51.326149,4.266303,8278.9,27161.9,204.7,772.84
Flight 6,1230,51.269562,4.225272,8468.6,27784,203.7,781.36
Flight 6,1260,51.210228,4.18673,8638.2,28340.4,203.7,789.69
Flight 6,1290,51.149357,4.147244,8799.5,28869.6,204.7,793.77
Flight 6,1320,51.087097,4.106599,8941.1,29334.2,205.1,810.44
Flight 6,1350,51.023808,4.065011,9172.9,30094.7,205.5,812.29
Flight 6,1380,50.960361,4.023207,9446.2,30991.4,207.6,806.36
Flight 6,1410,50.896904,3.981403,9676.9,31748.3,208,800.8
Flight 6,1440,50.833115,3.939386,9910.7,32515.5,208.3,795.62
Flight 6,1470,50.769489,3.897668,10047.5,32964.2,208.4,790.62
Flight 6,1500,50.70578,3.856122,10054.5,32987.2,208,794.14
Flight 6,1530,50.640869,3.814061,10052.9,32982,208,806.92
Flight 6,1560,50.575783,3.771786,10051.7,32978.1,208.4,804.32
Flight 6,1590,50.513607,3.722515,10052.2,32979.5,214.4,804.69
Flight 6,1620,50.452053,3.671099,10051.2,32976.5,214.4,805.06
Flight 6,1650,50.390667,3.619854,10053.8,32985,214.4,805.25
Flight 6,1680,50.329182,3.568781,10052.7,32981.4,214.4,803.77
Flight 6,1710,50.267521,3.517837,10053.5,32984,214.5,806.73
Flight 6,1740,50.205536,3.467021,10054.0,32985.6,214.1,805.25
Flight 6,1770,50.143539,3.41642,10054.8,32988.3,214.1,808.21
Flight 6,1800,50.081375,3.366034,10056.0,32992.1,214.5,813.4
Flight 6,1830,50.019043,3.315304,10053.9,32985.4,214.2,819.32
Flight 6,1860,49.956444,3.264574,10055.3,32989.9,214.2,818.4
Flight 6,1890,49.893688,3.214016,10053.6,32984.1,213.9,817.47
Flight 6,1920,49.831081,3.16363,10051.9,32978.5,213.9,820.81
Flight 6,1950,49.768322,3.113372,10055.5,32990.5,214.6,823.95
Flight 6,1980,49.705719,3.063758,10053.5,32983.9,215,820.62
Flight 6,2010,49.643295,3.014445,10054.2,32986.3,216.7,820.07
Flight 6,2040,49.581387,2.964873,10055.0,32988.9,218.2,806.36
Flight 6,2070,49.519829,2.915259,10054.2,32986.2,217.8,802.84
Flight 6,2100,49.458519,2.866032,10054.9,32988.4,217.5,798.58
Flight 6,2130,49.393776,2.823885,10055.9,32991.7,209.8,800.62
Flight 6,2160,49.32732,2.785858,10057.3,32996.5,209.8,801.36
Flight 6,2190,49.260517,2.747659,10056.4,32993.4,209.4,806.36
Flight 6,2220,49.193546,2.709976,10058.9,33001.7,209.5,804.88
Flight 6,2250,49.126736,2.672249,10056.6,32994.1,209.5,804.69
Flight 6,2280,49.059601,2.634609,10056.9,32995.2,209.5,805.81
Flight 6,2310,48.992466,2.596753,10058.8,33001.2,209.5,807.1
Flight 6,2340,48.9254,2.558941,10058.0,32998.8,209.5,805.81
Flight 6,2370,48.858162,2.521343,10057.8,32998,209.5,805.43
Flight 6,2400,48.791027,2.483574,10058.7,33001.1,209.6,808.95
Flight 6,2430,48.723545,2.446191,10060.2,33005.8,209.6,810.44
Flight 6,2460,48.656223,2.408721,10058.1,32999.1,209.2,812.66
Flight 6,2490,48.588913,2.371339,10059.0,33002,209.3,812.84
Flight 6,2520,48.521679,2.334213,10058.6,33000.8,208.9,812.29
Flight 6,2550,48.451363,2.307258,10058.5,33000.5,194.5,807.47
Flight 6,2580,48.37735,2.302318,10060.4,33006.7,183.6,805.06
Flight 6,2610,48.302822,2.30343,10058.4,33000.1,184,803.95
Flight 6,2640,48.22847,2.30437,10060.7,33007.6,184,803.77
Flight 6,2670,48.153954,2.304966,10060.5,33006.9,184,805.06
Flight 6,2700,48.079678,2.306121,10060.0,33005.2,183.4,804.32
Flight 6,2730,48.00523,2.308177,10060.8,33007.7,183,803.4
Flight 6,2760,47.930714,2.310275,10060.4,33006.5,183.4,805.06
Flight 6,2790,47.856014,2.312288,10061.8,33011.2,183.4,804.32
Flight 6,2820,47.78149,2.314001,10060.3,33006.2,183.4,804.88
Flight 6,2850,47.706619,2.315713,10062.4,33013,183.8,807.29
Flight 6,2880,47.631924,2.317425,10062.2,33012.5,183.8,807.29
Flight 6,2910,47.557228,2.31918,10062.7,33014.2,183.8,807.29
Flight 6,2940,47.482361,2.32085,10062.6,33013.7,183.5,808.58
Flight 6,2970,47.407661,2.322734,10062.8,33014.4,183.5,809.14
Flight 6,3000,47.332794,2.324618,10063.2,33015.9,183.5,810.44
Flight 6,3030,47.258095,2.326201,10061.2,33009.2,183.2,810.25
Flight 6,3060,47.183399,2.328043,10064.1,33018.6,183.2,811.18
Flight 6,3090,47.108704,2.329884,10064.2,33019.1,183.2,811.18
Flight 6,3120,47.034351,2.331811,10061.3,33009.5,183.2,807.47
Flight 6,3150,46.960159,2.333523,10064.0,33018.4,183.6,805.62
Flight 6,3180,46.885815,2.335965,10064.3,33019.3,179.4,803.95
Flight 6,3210,46.81181,2.347119,10064.0,33018.3,177.7,801.55
Flight 6,3240,46.737881,2.357457,10063.4,33016.3,178,798.58
Flight 6,3270,46.664124,2.367581,10065.2,33022.2,178,798.58
Flight 6,3300,46.590321,2.377485,10065.4,33022.9,177.7,799.14
Flight 6,3330,46.516602,2.387475,10065.6,33023.8,177.7,799.88
Flight 6,3360,46.442867,2.397722,10065.0,33021.6,177.4,798.58
Flight 6,3390,46.368977,2.40767,10066.5,33026.6,177.8,801.73
Flight 6,3420,46.294899,2.417745,10067.1,33028.4,177.8,803.4
Flight 6,3450,46.220985,2.427564,10066.7,33027.3,177.4,804.69
Flight 6,3480,46.146671,2.437511,10066.0,33024.9,177.5,806.36
Flight 6,3510,46.072514,2.4475,10067.1,33028.6,177.8,806.55
Flight 6,3540,45.998356,2.457233,10067.4,33029.4,177.5,806.55
Flight 6,3570,45.924194,2.46718,10067.5,33029.9,177.5,807.66
Flight 6,3600,45.850132,2.476955,10068.8,33034.3,177.9,807.84
Flight 6,3630,45.77623,2.486774,10067.4,33029.4,177.9,804.51
Flight 6,3660,45.702503,2.496635,10068.5,33033,177.9,802.1
Flight 6,3690,45.628948,2.506324,10068.7,33033.8,177.9,799.88
Flight 6,3720,45.555397,2.516014,10068.4,33032.9,177.9,799.69
Flight 6,3750,45.482002,2.525532,10070.2,33038.6,178,800.43
Flight 6,3780,45.408455,2.535093,10071.1,33041.6,178,801.18
Flight 6,3810,45.335068,2.544739,10070.0,33038.1,178,801.73
Flight 6,3840,45.261856,2.554257,10069.9,33037.7,178,804.14
Flight 6,3870,45.188637,2.563775,10071.0,33041.4,178,804.88
Flight 6,3900,45.115437,2.573164,10071.4,33042.7,178,804.88
Flight 6,3930,45.042221,2.582596,10072.0,33044.5,178.1,804.14
Flight 6,3960,44.969181,2.592028,10071.3,33042.3,178.1,803.95
Flight 6,3990,44.896297,2.601289,10071.5,33043,178.8,801.73
Flight 6,4020,44.823269,2.610206,10073.0,33047.8,178.8,801.73
Flight 6,4050,44.750572,2.619509,10072.0,33044.5,178.8,800.62
Flight 6,4080,44.677879,2.628684,10072.9,33047.7,178.5,799.32
Flight 6,4110,44.605186,2.63803,10072.4,33045.8,178.5,798.77
Flight 6,4140,44.532738,2.647376,10075.2,33055.1,178.5,800.8
Flight 6,4170,44.460468,2.656679,10073.5,33049.6,178.5,802.29
Flight 6,4200,44.388199,2.665897,10074.8,33053.7,178.6,803.03
Flight 6,4230,44.315929,2.6749,10073.4,33049.3,178.6,800.43
Flight 6,4260,44.244011,2.683903,10075.1,33054.7,178.2,801.73
Flight 6,4290,44.172085,2.692949,10074.9,33054.2,178.3,803.03
Flight 6,4320,44.10033,2.701909,10075.1,33055,178.3,800.99
Flight 6,4350,44.02874,2.710911,10075.7,33056.6,178.3,798.21
Flight 6,4380,43.957249,2.719743,10075.3,33055.3,178.3,796.92
Flight 6,4410,43.885921,2.728574,10076.2,33058.3,178.3,796.17
Flight 6,4440,43.81469,2.737362,10077.7,33063.2,178.3,796.36
Flight 6,4470,43.743462,2.746065,10076.2,33058.5,178.4,797.84
Flight 6,4500,43.672302,2.754853,10080.1,33071.3,178.4,801.92
Flight 6,4530,43.600983,2.763556,10078.7,33066.6,178,805.99
Flight 6,4560,43.529648,2.772344,10078.4,33065.6,177.7,812.47
Flight 6,4590,43.458508,2.781218,10078.1,33064.6,177.7,805.43
Flight 6,4620,43.388035,2.789878,10078.7,33066.5,178.1,801.92
Flight 6,4650,43.317219,2.798408,9981.6,32748.2,178.1,807.47
Flight 6,4680,43.245472,2.807154,9832.7,32259.7,178.1,820.62
Flight 6,4710,43.17371,2.815728,9692.2,31798.6,178.1,821.92
Flight 6,4740,43.102222,2.824344,9551.3,31336.2,178.2,824.33
Flight 6,4770,43.031414,2.833175,9394.0,30820.1,178.2,821.18
Flight 6,4800,42.962318,2.841792,9077.7,29782.3,179.2,810.99
Flight 6,4830,42.894592,2.849851,8743.8,28687.1,180.3,793.4
Flight 6,4860,42.827999,2.857523,8421.2,27628.7,180.3,779.14
Flight 6,4890,42.762089,2.86408,8098.5,26569.9,183.9,769.32
Flight 6,4920,42.697968,2.859951,7773.5,25503.6,191.3,762.84
Flight 6,4950,42.635063,2.852561,7442.6,24418.1,191.3,762.1
Flight 6,4980,42.573257,2.845342,7124.7,23374.9,191.3,749.69
Flight 6,5010,42.512489,2.838466,6811.6,22347.7,191.3,739.13
Flight 6,5040,42.453182,2.831161,6498.2,21319.6,193.8,732.65
Flight 6,5070,42.396111,2.818063,6183.4,20286.8,197,711.54
Flight 6,5100,42.340233,2.804621,5876.2,19278.8,197.3,695.61
Flight 6,5130,42.28521,2.791437,5565.6,18259.9,197.3,679.68
Flight 6,5160,42.231144,2.778339,5267.2,17280.8,197,663.76
Flight 6,5190,42.178795,2.75876,4837.0,15869.3,209.7,680.05
Flight 6,5220,42.127975,2.730256,4499.8,14763.1,210.1,689.68
Flight 6,5250,42.076477,2.701922,4164.4,13662.9,209.7,692.46
Flight 6,5280,42.024982,2.673632,3833.6,12577.6,209.4,682.46
Flight 6,5310,41.974171,2.645771,3501.4,11487.5,209,690.98
Flight 6,5340,41.924561,2.61851,3153.9,10347.4,208,685.43
Flight 6,5370,41.877022,2.59271,3004.3,9856.5,207.3,647.46
Flight 6,5400,41.832813,2.568797,2837.1,9308,206.6,613.75
Flight 6,5430,41.792034,2.546772,2786.8,9143.1,207.7,556.53
Flight 6,5460,41.75428,2.525992,2655.4,8711.9,207,524.67
Flight 6,5490,41.717724,2.505684,2478.2,8130.5,207.7,509.11
Flight 6,5520,41.68364,2.487307,2449.5,8036.3,207.8,463.74
Flight 6,5550,41.651283,2.469746,2275.7,7466.1,207.4,458.93
Flight 6,5580,41.619095,2.452613,2108.7,6918.4,206.4,451.7
Flight 6,5610,41.587418,2.435524,1945.1,6381.4,205.7,450.59
Flight 6,5640,41.556103,2.418606,1775.5,5825,205.4,445.96
Flight 6,5670,41.524944,2.401903,1587.5,5208.4,205.7,444.67
Flight 6,5700,41.493961,2.385285,1430.8,4694.4,206.1,435.59
Flight 6,5730,41.46349,2.368368,1240.0,4068.2,205.4,433.74
Flight 6,5760,41.433193,2.351836,1120.6,3676.7,203.7,421.14
Flight 6,5790,41.404446,2.33685,1010.8,3316.3,203,403.55
Flight 6,5820,41.378525,2.317743,878.7,2882.8,236,394.85
Flight 6,5850,41.366344,2.281428,727.3,2386.3,245.9,394.48
Flight 6,5880,41.354321,2.246357,694.6,2279,245.6,355.95
Flight 6,5910,41.343506,2.214462,544.8,1787.2,245.9,331.69
Flight 6,5940,41.333809,2.185957,414.0,1358.4,244.9,294.84
Flight 6,5970,41.325321,2.160843,296.4,972.4,244.6,279.65
Flight 6,6000,41.31699,2.136586,179.4,588.5,243.2,278.36
Flight 6,6030,41.308655,2.112244,65.1,213.5,242.8,273.17
Flight 7,30,52.308819,4.772633,-1.2,-4,82.2,81.67
Flight 7,420,52.290367,4.740741,171.8,563.5,237.6,305.58
Flight 7,450,52.279118,4.711332,541.3,1775.9,238,310.58
Flight 7,480,52.262802,4.681495,765.0,2509.8,208.8,380.4
Flight 7,510,52.233616,4.684616,1105.9,3628.4,147.6,429.66
Flight 7,540,52.208027,4.717219,1604.6,5264.5,150.1,437.26
Flight 7,570,52.178501,4.74257,2081.2,6828.1,153.9,440.22
Flight 7,600,52.14587,4.75818,2506.7,8224,180.3,459.67
Flight 7,630,52.107925,4.759112,2788.6,9149,181,513.93
Flight 7,660,52.066975,4.761289,3130.3,10270,179.5,532.08
Flight 7,690,52.022598,4.760418,3386.2,11109.5,193.2,587.82
Flight 7,720,51.977867,4.733327,3733.6,12249.4,208,618.01
Flight 7,750,51.932621,4.701816,4157.7,13640.7,207.3,632.09
Flight 7,780,51.885326,4.669446,4550.5,14929.5,207.3,646.72
Flight 7,810,51.836319,4.635961,4976.6,16327.5,207.3,665.05
Flight 7,840,51.786182,4.601703,5405.3,17734,206.9,678.76
Flight 7,870,51.735191,4.56723,5856.8,19215.1,208,693.2
Flight 7,900,51.68325,4.531813,6225.2,20423.9,208.3,710.06
Flight 7,930,51.630451,4.496053,6622.6,21727.6,208.3,717.28
Flight 7,960,51.576893,4.459607,6975.9,22886.7,208.3,725.24
Flight 7,990,51.522125,4.422431,7286.1,23904.6,208.6,739.32
Flight 7,1020,51.466328,4.384568,7582.4,24876.8,207.9,752.84
Flight 7,1050,51.409492,4.346233,7881.7,25858.7,207.9,770.43
Flight 7,1080,51.351902,4.307597,8173.4,26815.7,207.5,773.21
Flight 7,1110,51.293617,4.26849,8435.4,27675.1,207.5,781.36
Flight 7,1140,51.234386,4.228911,8683.5,28489.3,207.2,794.32
Flight 7,1170,51.174297,4.188816,8912.9,29241.9,207.5,802.1
Flight 7,1200,51.113434,4.148378,9141.5,29991.9,207.2,810.99
Flight 7,1230,51.05188,4.10764,9356.4,30696.8,206.8,820.62
Flight 7,1260,50.989567,4.066602,9566.6,31386.5,206.8,827.66
Flight 7,1290,50.926739,4.025048,9783.9,32099.6,206.8,830.44
Flight 7,1320,50.864071,3.98401,10064.5,33019.8,206.8,823.4
Flight 7,1350,50.801743,3.943143,10311.9,33831.8,207.1,823.58
Flight 7,1380,50.739429,3.902619,10552.4,34620.7,207.8,820.07
Flight 7,1410,50.675907,3.867632,10769.3,35332.4,201.8,814.14
Flight 7,1440,50.611526,3.83582,10968.2,35984.8,202.9,819.88
Flight 7,1470,50.547489,3.804051,11184.0,36693,202.9,814.14
Flight 7,1500,50.483879,3.772282,11384.0,37349.2,203.6,825.81
Flight 7,1530,50.421299,3.741028,11607.4,38081.9,203.9,805.06
Flight 7,1560,50.358727,3.709732,11720.8,38454,203.2,799.69
Flight 7,1590,50.295807,3.67852,11799.1,38711,203.2,813.03
Flight 7,1620,50.232712,3.646794,11908.6,39070.2,203.2,815.62
Flight 7,1650,50.169621,3.615626,11963.8,39251.3,203.2,814.69
Flight 7,1680,50.10627,3.584415,11962.0,39245.4,203.2,813.4
Flight 7,1710,50.043095,3.553505,11962.4,39246.7,203.1,813.77
Flight 7,1740,49.979996,3.522766,11959.7,39237.8,202.8,810.44
Flight 7,1770,49.91708,3.492027,11958.2,39233,202.8,810.44
Flight 7,1800,49.854328,3.461459,11957.3,39229.9,202.4,807.29
Flight 7,1830,49.79158,3.431064,11956.3,39226.7,202.8,806.73
Flight 7,1860,49.729,3.400711,11955.3,39223.3,202.8,805.99
Flight 7,1890,49.66626,3.370573,11953.6,39218,202.7,806.73
Flight 7,1920,49.60376,3.340263,11951.9,39212.3,202.7,804.88
Flight 7,1950,49.541096,3.310125,11951.8,39211.8,202.4,807.66
Flight 7,1980,49.478348,3.279987,11948.8,39202.1,202.4,808.58
Flight 7,2010,49.4156,3.250063,11948.9,39202.6,202.4,811.55
Flight 7,2040,49.352676,3.220225,11947.1,39196.4,202.3,812.1
Flight 7,2070,49.289917,3.190431,11945.3,39190.5,202,812.29
Flight 7,2100,49.227173,3.160807,11944.4,39187.8,202,812.47
Flight 7,2130,49.164425,3.131184,11943.4,39184.4,202,813.4
Flight 7,2160,49.101589,3.101561,11942.5,39181.3,202,811.92
Flight 7,2190,49.038933,3.07211,11940.3,39174.2,202,811.55
Flight 7,2220,48.976177,3.042529,11939.7,39172.2,201.6,811.55
Flight 7,2250,48.913437,3.013378,11938.4,39167.9,201.6,812.29
Flight 7,2280,48.849133,2.992081,11935.5,39158.5,193.1,810.99
Flight 7,2310,48.783802,2.976319,11934.3,39154.6,192.8,807.84
Flight 7,2340,48.718655,2.960515,11934.8,39156.1,192.8,808.58
Flight 7,2370,48.653336,2.944882,11932.1,39147.2,192.8,805.81
Flight 7,2400,48.588348,2.929077,11933.3,39151.4,192.7,810.44
Flight 7,2430,48.523373,2.913444,11930.5,39142,193.1,807.1
Flight 7,2460,48.458218,2.89764,11927.9,39133.5,193.1,804.51
Flight 7,2490,48.393078,2.881878,11927.2,39131.2,192.7,804.69
Flight 7,2520,48.328171,2.866159,11927.0,39130.6,192.7,804.88
Flight 7,2550,48.263107,2.850097,11925.2,39124.6,192.7,806.73
Flight 7,2580,48.198036,2.833735,11924.2,39121.5,192.7,808.21
Flight 7,2610,48.132961,2.81793,11922.1,39114.5,192.7,809.69
Flight 7,2640,48.067646,2.801954,11921.3,39111.8,192.7,809.88
Flight 7,2670,48.002323,2.786193,11921.3,39111.7,192.7,812.1
Flight 7,2700,47.937168,2.770302,11920.5,39109.2,192.7,812.66
Flight 7,2730,47.871845,2.754197,11917.2,39098.5,192.7,810.06
Flight 7,2760,47.806091,2.740968,11916.8,39097.1,185.6,809.14
Flight 7,2790,47.739479,2.741385,11914.9,39091,180.7,811.73
Flight 7,2820,47.672607,2.743605,11914.1,39088.4,180.7,810.81
Flight 7,2850,47.605743,2.745524,11912.7,39083.8,180.7,812.66
Flight 7,2880,47.53896,2.747143,11911.4,39079.4,181,814.14
Flight 7,2910,47.472176,2.74859,11911.6,39079.9,180.6,815.99
Flight 7,2940,47.40522,2.750424,11908.2,39068.8,180.6,813.77
Flight 7,2970,47.338448,2.7523,11907.3,39065.8,180.3,818.21
Flight 7,3000,47.271824,2.754177,11904.4,39056.6,180.6,809.88
Flight 7,3030,47.205048,2.756096,11906.0,39061.7,180.6,810.25
Flight 7,3060,47.138683,2.757887,11904.0,39055,180.6,811.18
Flight 7,3090,47.072155,2.759334,11901.8,39047.8,180.6,809.32
Flight 7,3120,47.005722,2.761168,11900.8,39044.7,180.6,806.73
Flight 7,3150,46.939617,2.762915,11899.9,39041.6,180.6,806.18
Flight 7,3180,46.87344,2.764878,11897.3,39033.1,180.2,804.32
Flight 7,3210,46.807259,2.766797,11897.6,39034.2,180.2,803.58
Flight 7,3240,46.741241,2.768502,11895.3,39026.5,180.2,802.84
Flight 7,3270,46.675396,2.770206,11895.1,39025.8,180.2,803.21
Flight 7,3300,46.609398,2.771911,11893.7,39021.3,179.8,806.18
Flight 7,3330,46.543385,2.773659,11891.6,39014.4,180.2,805.25
Flight 7,3360,46.477547,2.77545,11891.4,39013.7,179.8,806.36
Flight 7,3390,46.411713,2.777031,11890.2,39009.9,180.2,806.92
Flight 7,3420,46.346058,2.778712,11891.6,39014.3,179.8,805.25
Flight 7,3450,46.280224,2.780521,11892.3,39016.8,180.5,807.1
Flight 7,3480,46.214237,2.781773,11892.9,39018.7,180.8,806.36
Flight 7,3510,46.148415,2.782595,11893.1,39019.2,180.5,806.36
Flight 7,3540,46.082417,2.783546,11894.2,39023,180.5,806.36
Flight 7,3570,46.016594,2.784669,11894.7,39024.5,180.5,805.06
Flight 7,3600,45.950596,2.78562,11896.3,39029.9,180.4,808.03
Flight 7,3630,45.884434,2.786957,11896.4,39030,180.4,808.95
Flight 7,3660,45.818604,2.788337,11898.9,39038.4,180.4,813.03
Flight 7,3690,45.752598,2.789159,11897.7,39034.3,180.8,811.73
Flight 7,3720,45.686615,2.790282,11899.3,39039.6,180.8,811.73
Flight 7,3750,45.620617,2.79192,11899.6,39040.6,180.4,812.29
Flight 7,3780,45.554794,2.793429,11901.9,39048.3,180.4,809.88
Flight 7,3810,45.489136,2.794852,11901.9,39048.4,180.4,810.81
Flight 7,3840,45.423481,2.796661,11900.8,39044.5,180.4,806.92
Flight 7,3870,45.35783,2.79847,11903.1,39052.1,180.4,807.66
Flight 7,3900,45.292347,2.800494,11904.2,39055.9,180.4,808.4
Flight 7,3930,45.226879,2.80226,11901.9,39048.3,180.7,803.58
Flight 7,3960,45.161564,2.803941,11905.8,39061,180.3,804.14
Flight 7,3990,45.096241,2.805707,11904.5,39056.9,180.3,804.14
Flight 7,4020,45.030853,2.807517,11909.0,39071.6,180.3,804.69
Flight 7,4050,44.965458,2.809326,11906.8,39064.4,180.3,804.14
Flight 7,4080,44.899979,2.811135,11908.9,39071.1,180.3,804.88
Flight 7,4110,44.834496,2.812901,11910.1,39075,180.3,807.1
Flight 7,4140,44.769012,2.814754,11912.3,39082.3,180.3,811.73
Flight 7,4170,44.703373,2.816391,11909.8,39074.1,180.3,810.44
Flight 7,4200,44.637882,2.818029,11911.6,39080.1,180.3,809.51
Flight 7,4230,44.572399,2.819967,11912.4,39082.5,180.6,808.03
Flight 7,4260,44.506916,2.821691,11913.2,39085.3,180.6,806.73
Flight 7,4290,44.441608,2.823285,11915.3,39092.1,180.2,814.51
Flight 7,4320,44.376469,2.825095,11916.2,39095.3,180.2,815.44
Flight 7,4350,44.311325,2.826904,11914.9,39091,180.6,816.55
Flight 7,4380,44.246281,2.828584,11916.9,39097.5,180.6,814.14
Flight 7,4410,44.181419,2.830179,11916.2,39095.3,180.6,810.06
Flight 7,4440,44.116863,2.832031,11917.7,39099.9,180.5,811.92
Flight 7,4470,44.052155,2.833626,11918.7,39103.3,180.9,809.88
Flight 7,4500,43.987701,2.835435,11918.8,39103.7,180.9,804.88
Flight 7,4530,43.923424,2.837202,11920.0,39107.6,180.5,806.73
Flight 7,4560,43.85923,2.838882,11921.2,39111.6,180.5,803.58
Flight 7,4590,43.795029,2.84052,11921.9,39113.9,180.9,802.29
Flight 7,4620,43.730843,2.842329,11923.2,39118,180.5,801.55
Flight 7,4650,43.666641,2.843967,11844.6,38860.3,180.8,803.58
Flight 7,4680,43.6022,2.845604,11690.2,38353.6,180.5,804.32
Flight 7,4710,43.537575,2.847242,11547.0,37883.8,180.1,808.77
Flight 7,4740,43.47295,2.849094,11406.9,37424.2,180.8,805.99
Flight 7,4770,43.408146,2.850861,11260.2,36942.9,181.2,815.62
Flight 7,4800,43.343445,2.852327,11110.5,36451.8,181.1,810.06
Flight 7,4830,43.278748,2.853793,10964.8,35973.7,181.1,815.44
Flight 7,4860,43.214546,2.85543,10809.7,35464.9,180.8,810.99
Flight 7,4890,43.149845,2.856896,10705.8,35124,180.1,813.03
Flight 7,4920,43.0853,2.858877,10710.3,35138.9,180.1,812.47
Flight 7,4950,43.02076,2.860515,10711.1,35141.5,180.4,812.29
Flight 7,4980,42.956394,2.861981,10273.1,33704.4,180,823.4
Flight 7,5010,42.891514,2.863618,9940.6,32613.5,179.7,810.25
Flight 7,5040,42.827324,2.865299,9558.6,31360.1,179.7,802.1
Flight 7,5070,42.763474,2.866894,9093.5,29834.3,180.4,809.88
Flight 7,5100,42.699368,2.86115,8646.3,28367.2,186,811.73
Flight 7,5130,42.635437,2.853647,8162.5,26779.8,186,819.7
Flight 7,5160,42.572693,2.846487,7800.6,25592.6,186,807.84
Flight 7,5190,42.511158,2.839241,7433.5,24388,186,791.92
Flight 7,5220,42.450912,2.831909,7072.1,23202.4,188.8,782.47
Flight 7,5250,42.39291,2.818355,6711.1,22018.1,191.2,766.54
Flight 7,5280,42.33609,2.804715,6356.3,20854,191.6,743.58
Flight 7,5310,42.279629,2.791247,5893.2,19334.7,191.5,741.54
Flight 7,5340,42.223232,2.777478,5458.4,17908.1,191.5,735.8
Flight 7,5370,42.167709,2.764267,5203.7,17072.5,191.5,711.35
Flight 7,5400,42.115101,2.751742,4943.3,16218.1,191.9,684.87
Flight 7,5430,42.063366,2.738875,4591.6,15064.4,192.2,677.65
Flight 7,5460,42.011608,2.725793,4166.4,13669.3,191.1,680.42
Flight 7,5490,41.960037,2.713097,3910.8,12830.9,190.4,651.72
Flight 7,5520,41.911804,2.701517,3663.9,12020.7,190.8,609.86
Flight 7,5550,41.866489,2.69058,3460.5,11353.4,191.1,571.9
Flight 7,5580,41.823925,2.679944,3195.8,10484.9,190.8,543.93
Flight 7,5610,41.781868,2.66948,2952.0,9684.9,189.7,539.86
Flight 7,5640,41.74017,2.659359,2743.2,9000,188.6,535.6
Flight 7,5670,41.699837,2.650396,2612.4,8570.8,188.3,512.45
Flight 7,5700,41.661652,2.642292,2539.5,8331.6,188.3,477.63
Flight 7,5730,41.625519,2.634445,2411.3,7911.1,188.6,457.07
Flight 7,5760,41.590076,2.626685,2245.5,7367,188.6,461.15
Flight 7,5790,41.555332,2.619954,2108.1,6916.3,197.7,450.78
Flight 7,5820,41.524605,2.600692,1923.3,6310.1,208.6,443.37
Flight 7,5850,41.494057,2.579799,1723.9,5655.9,208.6,446.52
Flight 7,5880,41.465137,2.557061,1603.1,5259.4,229,433.55
Flight 7,5910,41.448238,2.521878,1517.7,4979.4,241.6,404.85
Flight 7,5940,41.435287,2.485707,1395.8,4579.5,248,405.4
Flight 7,5970,41.423878,2.450352,1272.1,4173.4,245.5,399.48
Flight 7,6000,41.4123,2.416713,1184.3,3885.6,243.7,374.47
Flight 7,6030,41.401928,2.386594,1111.7,3647.4,244.1,337.25
Flight 7,6060,41.392487,2.358492,976.8,3204.7,243.7,330.4
Flight 7,6090,41.383053,2.330818,813.7,2669.6,244.4,319.66
Flight 7,6120,41.373699,2.302501,709.4,2327.3,244.4,314.65
Flight 7,6150,41.364174,2.274699,712.1,2336.2,244.4,313.36
Flight 7,6180,41.354664,2.247069,696.6,2285.4,244.7,311.88
Flight 7,6210,41.345657,2.220554,576.2,1890.3,243.3,289.28
Flight 7,6240,41.337425,2.196443,470.5,1543.7,242.2,275.58
Flight 7,6270,41.329193,2.17216,354.7,1163.6,245.1,283.36
Flight 7,6300,41.320702,2.147319,233.4,765.7,244.7,276.87
Flight 7,6330,41.31221,2.122564,116.7,383,246.8,278.91
Flight 7,6540,41.302261,2.078625,6.4,21,299.5,82.6
